embedding,seed,split,label,layer,head,probability,n_turns,attention_entropy,attended_distance,recent_attention,attention_suspect_to_suspect,attention_suspect_to_innocent,attention_innocent_to_suspect,attention_innocent_to_innocent
bge,62,validation,0,0,0,0.04371847948106,14.748,0.965119599878788,0.3427911925018175,0.1951457426324486,0.4983499147891998,0.5016500858962536,0.4983077415823936,0.5016922565996647
bge,62,validation,0,0,1,0.04371847948106,14.748,0.96487999355793,0.339762171675261,0.2544595880210399,0.4909435666799545,0.5090564352571965,0.4910305857658386,0.5089694158434868
bge,62,validation,0,1,0,0.04371847948106,14.748,0.8720952232480049,0.2940617510859904,0.1058326689116656,0.5108394856452942,0.4891605130136013,0.5086074448525906,0.4913925576210022
bge,62,validation,0,1,1,0.04371847948106,14.748,0.8775754780769348,0.3295593213669587,0.0977332395240664,0.5068132454454899,0.4931867552399635,0.5067775756120682,0.4932224251329898
bge,62,validation,0,2,0,0.04371847948106,14.748,0.889494317471981,0.3086509844834829,0.1066657302342355,0.5066544607281684,0.4933455388844013,0.5048423146009445,0.4951576870381832
bge,62,validation,0,2,1,0.04371847948106,14.748,0.8675017539262772,0.3572865290405722,0.0926082282699644,0.5171855409741402,0.4828144581019878,0.5167901645004749,0.4832098369002342
bge,62,validation,0,3,0,0.04371847948106,14.748,0.7289614990353585,0.4133068193205544,0.0587159462785348,0.5204578439593315,0.4795421549379826,0.5202738650739193,0.4797261327803135
bge,62,validation,0,3,1,0.04371847948106,14.748,0.6004684103429317,0.42751273832513,0.0292787147320341,0.5076855353415012,0.4923144636452198,0.5052751578390599,0.4947248411774635
bge,62,validation,1,0,0,0.7414201605750854,92.26506024096386,0.9920426750757608,0.3499605577433441,0.2616999804614538,0.3320062883560442,0.6679937111006843,0.3318592666829418,0.7121220827102661
bge,62,validation,1,0,1,0.7414201605750854,92.26506024096386,0.9934881774775952,0.3408019611965308,0.2657688511423318,0.3316140146279294,0.6683859912057718,0.3318907149562922,0.7120947970683316
bge,62,validation,1,1,0,0.7414201605750854,92.26506024096386,0.9781004729041134,0.3493111869549736,0.2433124972754214,0.3412137491913098,0.6587862388955222,0.3337101345532574,0.7105165030582842
bge,62,validation,1,1,1,0.7414201605750854,92.26506024096386,0.9653377482690008,0.3430204299663569,0.2343192190290933,0.3394859233457181,0.6605140802760919,0.3365808017745924,0.7080262931714575
bge,62,validation,1,2,0,0.7414201605750854,92.26506024096386,0.9816760629056448,0.354581189187037,0.246122328093253,0.3394247900125467,0.6605752081506782,0.3354802926316754,0.7089809509645025
bge,62,validation,1,2,1,0.7414201605750854,92.26506024096386,0.9645105169480106,0.3561446150152252,0.2406622503536293,0.3444387297301243,0.6555612679156992,0.3402401165674544,0.7048519483531814
bge,62,validation,1,3,0,0.7414201605750854,92.26506024096386,0.9782968400472618,0.3608412553602366,0.2548402885356581,0.3341937583431394,0.665806256648567,0.3394259168287842,0.7055582361048963
bge,62,validation,1,3,1,0.7414201605750854,92.26506024096386,0.9505314755152507,0.3668896307806361,0.2420095104769052,0.3410512649117865,0.6589487294356028,0.3436784086839503,0.7018693272607872
bge,62,test_internal,0,0,0,0.1075539912584309,9.424615384615384,0.8330038998677181,0.3023595465008667,0.3996629756803695,0.5804183430855091,0.4905181253235117,0.5092226229876066,0.4907773784596285
bge,62,test_internal,0,0,1,0.1075539912584309,9.424615384615384,0.8155923316111932,0.3038749001099161,0.4519641719414637,0.5851025122862595,0.48504202727148,0.5149001101259705,0.4850998892844152
bge,62,test_internal,0,1,0,0.1075539912584309,9.424615384615384,0.7664285323253045,0.2288138057774151,0.2487223773335035,0.5838606175551048,0.4864938833730683,0.5107405029183669,0.4892594971352343
bge,62,test_internal,0,1,1,0.1075539912584309,9.424615384615384,0.771000505227309,0.2760244599073927,0.2464184174572046,0.585349434705881,0.4847533590823626,0.5150780565232682,0.4849219422975032
bge,62,test_internal,0,2,0,0.1075539912584309,9.424615384615384,0.778078822172605,0.2433206251685275,0.2594253032769148,0.5821426211412136,0.4885023303276343,0.5093792148416848,0.4906207863375437
bge,62,test_internal,0,2,1,0.1075539912584309,9.424615384615384,0.7651180346195514,0.3031627321279199,0.2359065433505636,0.5902917862855471,0.4789754286301221,0.5205362058050341,0.4794637959638088
bge,62,test_internal,0,3,0,0.1075539912584309,9.424615384615384,0.6715855724994952,0.3507145806531047,0.2387728415028407,0.5878708187433389,0.4818056983431037,0.5183504463421355,0.4816495535238612
bge,62,test_internal,0,3,1,0.1075539912584309,9.424615384615384,0.5726022929411668,0.3668213826236829,0.1944353734755602,0.586817801961532,0.4830367463580567,0.5144663363587942,0.4855336633731993
bge,62,test_internal,1,0,0,0.8737028352607897,13.005405405405403,0.8521439333219786,0.3029391883904115,0.3289063577112314,0.5644449620633512,0.4951009646447206,0.5046545735885104,0.4953454282884407
bge,62,test_internal,1,0,1,0.8737028352607897,13.005405405405403,0.8464208583574038,0.3017517411425774,0.3848537973455481,0.5654613004821176,0.4939456825844154,0.5060271603812088,0.4939728397561291
bge,62,test_internal,1,1,0,0.8737028352607897,13.005405405405403,0.778347808525369,0.2502698189591489,0.2425490032151542,0.5665225513480805,0.4927393421874068,0.5053566401844384,0.4946433580416138
bge,62,test_internal,1,1,1,0.8737028352607897,13.005405405405403,0.7844793395416156,0.2839956115015468,0.217149557085154,0.5666647197477318,0.4925777388424734,0.5074926579511294,0.4925073405610434
bge,62,test_internal,1,2,0,0.8737028352607897,13.005405405405403,0.8102405625420648,0.2587176802862398,0.2746282239520066,0.5643453836541723,0.4952141561083347,0.5032705955390465,0.4967294017199181
bge,62,test_internal,1,2,1,0.8737028352607897,13.005405405405403,0.8044450495694134,0.2972529357776476,0.2370481350937405,0.5712781515979284,0.4873335918156965,0.5125872720771122,0.4874127292504874
bge,62,test_internal,1,3,0,0.8737028352607897,13.005405405405403,0.7499445545512277,0.343118105053327,0.4120634718068145,0.5615186002709576,0.4984273996358643,0.5029082769347776,0.4970917229736639
bge,62,test_internal,1,3,1,0.8737028352607897,13.005405405405403,0.7145293205171018,0.3074542009414926,0.2821253349614405,0.5642749993785008,0.4952941618733875,0.5057710892593805,0.4942289108779573
bge,52,test_internal,0,0,0,0.0818109338340134,9.424615384615384,0.8381356824361361,0.2944530955280504,0.3174888844444201,0.5887926708734953,0.4807279939702946,0.5192403639499232,0.4807596354604625
bge,52,test_internal,0,0,1,0.0818109338340134,9.424615384615384,0.777176649753864,0.3058854154511225,0.5327576149656222,0.5808212099625514,0.4900471442412558,0.5096176058697186,0.4903823932190593
bge,52,test_internal,0,1,0,0.0818109338340134,9.424615384615384,0.725868475987361,0.2949550477796944,0.2030926206693626,0.5873216885786791,0.482447666658772,0.5171295525037127,0.4828704503907574
bge,52,test_internal,0,1,1,0.0818109338340134,9.424615384615384,0.7591577701385205,0.2984350666910312,0.2144160345683877,0.5918038385189497,0.4772077427922392,0.5167191384507598,0.4832808608524233
bge,52,test_internal,0,2,0,0.0818109338340134,9.424615384615384,0.7368780726652879,0.3179187148336561,0.2283756955627065,0.582482230250652,0.4881053043783998,0.511512647215411,0.4884873541782228
bge,52,test_internal,0,2,1,0.0818109338340134,9.424615384615384,0.7104983537013714,0.3133089360044604,0.1904007108824757,0.5977507845255045,0.4702553793573551,0.5215233426621492,0.4784766533713546
bge,52,test_internal,0,3,0,0.0818109338340134,9.424615384615384,0.6337852003024175,0.3432529321437745,0.215893601234644,0.5912711503414008,0.4778304905396142,0.5242502911806964,0.4757497090069081
bge,52,test_internal,0,3,1,0.0818109338340134,9.424615384615384,0.6162334403624902,0.2863142137835459,0.2190291279568695,0.6015290721333943,0.465838313263526,0.5291040348920891,0.4708959623742446
bge,52,test_internal,1,0,0,0.9140320380142816,13.005405405405403,0.8641694917872146,0.2993934729903028,0.320981077708908,0.5683653392300413,0.4906446234467575,0.5093282562453076,0.4906717439263647
bge,52,test_internal,1,0,1,0.9140320380142816,13.005405405405403,0.8126450682814057,0.2964268147084523,0.4357728604327988,0.5640678411211214,0.4955296450610718,0.5043049592513322,0.4956950393094811
bge,52,test_internal,1,1,0,0.9140320380142816,13.005405405405403,0.7547197487708684,0.2910777695057894,0.2150772076351819,0.5697796669360754,0.4890369410339039,0.5107840033628608,0.489215996133567
bge,52,test_internal,1,1,1,0.9140320380142816,13.005405405405403,0.773706347394634,0.3056453725882389,0.2231755611939808,0.5772608206481546,0.4805330146109819,0.5144977299711122,0.4855022697771016
bge,52,test_internal,1,2,0,0.9140320380142816,13.005405405405403,0.7921366012579686,0.2983382482307031,0.2605954685097409,0.5656375423577186,0.4937453431559415,0.5062756476360166,0.493724353302459
bge,52,test_internal,1,2,1,0.9140320380142816,13.005405405405403,0.6822081586799106,0.3398954379855146,0.163421268490571,0.5898532228292646,0.4662190710527739,0.527461649269186,0.4725383507079243
bge,52,test_internal,1,3,0,0.9140320380142816,13.005405405405403,0.6627142697975442,0.3271819902728869,0.3288008796743343,0.5593551203079924,0.5008866543067582,0.4995102319843529,0.5004897703818645
bge,52,test_internal,1,3,1,0.9140320380142816,13.005405405405403,0.5035205662653253,0.3818942226439707,0.1367929137371656,0.6410658033212294,0.4080050759326478,0.5868360219371667,0.413163979321764
bge,52,validation,0,0,0,0.0415020945195574,14.748,0.9779885102510452,0.3402122294464916,0.1937826220169663,0.5071167441308498,0.4928832584321498,0.5069480665028095,0.4930519338846206
bge,52,validation,0,0,1,0.0415020945195574,14.748,0.9276576604247092,0.3312060105136372,0.301728097051382,0.4845534343421459,0.5154465673267842,0.4842639573514462,0.5157360431551933
bge,52,validation,0,1,0,0.0415020945195574,14.748,0.8317605854272843,0.3391999304892766,0.0813998677432537,0.5159572249650956,0.4840427767038345,0.5155651594102383,0.4844348401129246
bge,52,validation,0,1,1,0.0415020945195574,14.748,0.8782071557641029,0.3470916873478245,0.1130542371049523,0.5279660115242004,0.4720339878201485,0.522927517414093,0.4770724852383137
bge,52,validation,0,2,0,0.0415020945195574,14.748,0.848054537832737,0.3533261728517153,0.0963352784905582,0.5072142925262452,0.4927857073247432,0.5073115539848805,0.4926884457170963
bge,52,validation,0,2,1,0.0415020945195574,14.748,0.8045729171633721,0.3730976477443396,0.0577707020379602,0.5471732565164567,0.4528267429769039,0.5403217862844467,0.4596782121658325
bge,52,validation,0,3,0,0.0415020945195574,14.748,0.6845707722902298,0.4013623219345761,0.034889161683619,0.5368884600400925,0.4631115401983261,0.5395009573101998,0.4604990431964397
bge,52,validation,0,3,1,0.0415020945195574,14.748,0.6720131912231445,0.3427469741217049,0.0510609922301955,0.5421777065992356,0.4578222942352294,0.5394251645207405,0.4605748359262943
bge,52,validation,1,0,0,0.94389614247414,92.26506024096386,0.9914267257035496,0.342515457591344,0.2762239209140639,0.3361945907947504,0.6638054073684745,0.3356017909245565,0.7088755609759365
bge,52,validation,1,0,1,0.94389614247414,92.26506024096386,0.9897076803517628,0.3436190397421044,0.2854564988828567,0.3304629547249836,0.669537044233746,0.3306716829829383,0.7131522818502173
bge,52,validation,1,1,0,0.94389614247414,92.26506024096386,0.9691950987620526,0.3236504890720251,0.2288400281265557,0.3431047685573705,0.6568952256606685,0.3375940860068012,0.707147298448057
bge,52,validation,1,1,1,0.94389614247414,92.26506024096386,0.981310885354697,0.3415686950653762,0.2440553601965847,0.3360557626324912,0.6639442236887084,0.3366942699714046,0.7079278654362782
bge,52,validation,1,2,0,0.94389614247414,92.26506024096386,0.9786940181111716,0.3252601173883758,0.2318889417921204,0.3356140837745948,0.6643859061102072,0.3348582004610863,0.7095205898744514
bge,52,validation,1,2,1,0.94389614247414,92.26506024096386,0.965549960193864,0.3504853104333001,0.2626752883914005,0.339600601259412,0.660399403836992,0.3412878235038887,0.7039430920618126
bge,52,validation,1,3,0,0.94389614247414,92.26506024096386,0.9731302922030528,0.3308467489360735,0.2144783695778215,0.3294592003819869,0.6705407922466596,0.332487545778147,0.7115770747144539
bge,52,validation,1,3,1,0.94389614247414,92.26506024096386,0.9076669295150114,0.3640454467868338,0.2645770125539906,0.3454617097352941,0.654538301544057,0.348579875814418,0.6976174575736723
bge,42,validation,0,0,0,0.0296307844873517,14.748,0.93656166857481,0.3479129237160397,0.2752960161417723,0.4878912585675716,0.5121087429225445,0.488297072827816,0.5117029265761376
bge,42,validation,0,0,1,0.0296307844873517,14.748,0.954223354935646,0.3185118895242523,0.1842020654454827,0.4963892563581467,0.5036107439696789,0.495796949416399,0.5042030511498451
bge,42,validation,0,1,0,0.0296307844873517,14.748,0.8095496766567231,0.3759492248407901,0.0738927576988935,0.5318866685032845,0.4681133303940296,0.5313118156194687,0.4686881873309612
bge,42,validation,0,1,1,0.0296307844873517,14.748,0.8998675770163536,0.2955873152528538,0.1253754618428647,0.5078039384186268,0.4921960614323616,0.5064214189052582,0.4935785801708698
bge,42,validation,0,2,0,0.0296307844873517,14.748,0.7610513724088669,0.380363352589908,0.0344830403919331,0.5331404290795326,0.4668595701158046,0.5323511655926705,0.4676488351225853
bge,42,validation,0,2,1,0.0296307844873517,14.748,0.8186167051792145,0.3507444900360056,0.0773000072780996,0.5265600353479385,0.4734399651885033,0.524474419593811,0.4755255823135376
bge,42,validation,0,3,0,0.0296307844873517,14.748,0.7776066163182258,0.3452023470792633,0.0660020804908126,0.497183501034975,0.5028165000677108,0.4948678087592125,0.5051321902275085
bge,42,validation,0,3,1,0.0296307844873517,14.748,0.5392781744301319,0.4306382157707162,0.0180672398952301,0.5031769926846027,0.4968230066001415,0.4977338690161705,0.5022661338448524
bge,42,validation,1,0,0,0.9072422525250768,92.26506024096386,0.98745874683541,0.3392632721470813,0.2207452204213085,0.3286991869422814,0.6713008127278752,0.3297615993457536,0.7139417450112032
bge,42,validation,1,0,1,0.9072422525250768,92.26506024096386,0.99256133674139,0.3254616840191672,0.218659890344344,0.3326906740613695,0.667309312770764,0.3316375179242136,0.7123144419796495
bge,42,validation,1,1,0,0.9072422525250768,92.26506024096386,0.9568754829556108,0.3491264075254755,0.1792153951274343,0.3434839661543568,0.6565160407788224,0.3398775455748869,0.7051664572882365
bge,42,validation,1,1,1,0.9072422525250768,92.26506024096386,0.976275192685874,0.3057715556717162,0.1901626078838325,0.3395110461537519,0.660488959815767,0.3337194926700451,0.7105084018534925
bge,42,validation,1,2,0,0.9072422525250768,92.26506024096386,0.9415001976920898,0.3680337002454055,0.1893340780074338,0.3464194400455906,0.6535805463790894,0.342262261495408,0.7030977987381349
bge,42,validation,1,2,1,0.9072422525250768,92.26506024096386,0.9780043894986072,0.317806271245303,0.2111880499196339,0.3427039910327746,0.6572960019111633,0.3363577211534397,0.7082198086273239
bge,42,validation,1,3,0,0.9072422525250768,92.26506024096386,0.98292490301362,0.3567139254523751,0.2308416375553751,0.331673665133874,0.6683263360626168,0.3331075570830661,0.7110392257391688
bge,42,validation,1,3,1,0.9072422525250768,92.26506024096386,0.9686716292277876,0.3250778217011233,0.2104205016989306,0.3346681807953346,0.6653318082292875,0.3359776758718201,0.7085494869444744
bge,42,test_internal,0,0,0,0.1085456269990223,9.424615384615384,0.7887350979218116,0.3267777812898865,0.5138479591103701,0.5798168907715724,0.491221260359819,0.5097853314104698,0.4902146671690958
bge,42,test_internal,0,0,1,0.1085456269990223,9.424615384615384,0.811514268379945,0.2779450562167264,0.3211109512815108,0.5807093163178517,0.4901779580244915,0.5091863617086582,0.4908136375945249
bge,42,test_internal,0,1,0,0.1085456269990223,9.424615384615384,0.7134260925879845,0.3360821410329356,0.1910254318396059,0.5928981226682662,0.4759284536079537,0.5248916684080371,0.4751083333608057
bge,42,test_internal,0,1,1,0.1085456269990223,9.424615384615384,0.7799767765632043,0.2579874931029382,0.2575594123510214,0.5817932843244993,0.4889107288645326,0.5097050240678753,0.4902949776473663
bge,42,test_internal,0,2,0,0.1085456269990223,9.424615384615384,0.6857894297746512,0.3229138507203473,0.1731116680120333,0.5906923316992246,0.4785071682158134,0.5213647881428972,0.4786352122323118
bge,42,test_internal,0,2,1,0.1085456269990223,9.424615384615384,0.7316402444472679,0.300695443942438,0.2288781149054949,0.5915838699157422,0.4774648987775226,0.5200323458734176,0.4799676552522097
bge,42,test_internal,0,3,0,0.1085456269990223,9.424615384615384,0.7165753503946157,0.2914131081169021,0.2206027601573329,0.573498195868272,0.4986082255947504,0.4989894475761077,0.5010105503334416
bge,42,test_internal,0,3,1,0.1085456269990223,9.424615384615384,0.5457545884755941,0.3658403110172523,0.1880045896541112,0.5878788094795667,0.4817963584239105,0.5123800795605714,0.4876199211094448
bge,42,test_internal,1,0,0,0.913038522873162,13.005405405405403,0.821368585406123,0.3112307400012831,0.4064602509946436,0.5632828827368448,0.4964219142901732,0.5038686699352689,0.4961313319187926
bge,42,test_internal,1,0,1,0.913038522873162,13.005405405405403,0.8427615052139437,0.2797931054440386,0.3043516950933514,0.5618545564696998,0.4980455101131477,0.5014133858744816,0.4985866167120487
bge,42,test_internal,1,1,0,0.913038522873162,13.005405405405403,0.7197158546866598,0.3298325016042185,0.1961200134879028,0.5776445447995856,0.4800968312081836,0.5200189565595943,0.4799810422730336
bge,42,test_internal,1,1,1,0.913038522873162,13.005405405405403,0.8066329255297378,0.2511438302335286,0.262202349939459,0.5630161979210537,0.496725059530702,0.5018450916500136,0.498154911440089
bge,42,test_internal,1,2,0,0.913038522873162,13.005405405405403,0.6783163218884855,0.3368471251246034,0.1582800944096635,0.5766434377512416,0.4812348011177256,0.5185445350481801,0.4814554665312056
bge,42,test_internal,1,2,1,0.913038522873162,13.005405405405403,0.7857474539731,0.2810737347280168,0.2473972013069165,0.5711761437960573,0.487449544320275,0.509969030474005,0.4900309703958016
bge,42,test_internal,1,3,0,0.913038522873162,13.005405405405403,0.8434154570102692,0.3190945813535782,0.3407732825952808,0.5586981857547889,0.5016333966897929,0.4984060731958226,0.5015939270387964
bge,42,test_internal,1,3,1,0.913038522873162,13.005405405405403,0.6302806238064895,0.2984025079264157,0.2651694157450284,0.5551243500280622,0.5056958225900493,0.4941821992969549,0.5058178038503717
voyage,62,test_internal,0,0,0,0.0789413088674728,9.424615384615384,0.8431669119688181,0.3019868122100401,0.4173900036399181,0.5838143185010323,0.4865480110370855,0.5130811512684651,0.4869188484099271
voyage,62,test_internal,0,0,1,0.0789413088674728,9.424615384615384,0.8502729950501369,0.2999725000062914,0.3732117281051782,0.5886526076151775,0.4808917366129031,0.518855594473777,0.481144404829406
voyage,62,test_internal,0,0,2,0.0789413088674728,9.424615384615384,0.810319056052428,0.3220288485310388,0.5362576961975831,0.5743182000288597,0.4976495864580003,0.5024282443973658,0.4975717559778433
voyage,62,test_internal,0,0,3,0.0789413088674728,9.424615384615384,0.8291489040851593,0.2979653755641145,0.3121037328701753,0.5875870227813721,0.4821374700974217,0.5178531846232551,0.4821468143583202
voyage,62,test_internal,0,0,4,0.0789413088674728,9.424615384615384,0.8406069338321686,0.2978772860364864,0.3269132171571254,0.5846924931269426,0.4855213672351494,0.5144662095917215,0.4855337900330694
voyage,62,test_internal,0,0,5,0.0789413088674728,9.424615384615384,0.8514542639255523,0.3052653878254053,0.3702740824681061,0.5882254785299301,0.4813910784374038,0.5184463107650229,0.4815536904142057
voyage,62,test_internal,0,0,6,0.0789413088674728,9.424615384615384,0.81042215521519,0.3128650078066828,0.4954344964485902,0.5763152111035127,0.4953149502440322,0.504790389816538,0.4952096103442658
voyage,62,test_internal,0,0,7,0.0789413088674728,9.424615384615384,0.8273798871040344,0.2938485623579726,0.4313577363353509,0.5841467727147616,0.4861593480697638,0.5133695010122635,0.486630500166965
voyage,62,test_internal,0,1,0,0.0789413088674728,9.424615384615384,0.7838493148180155,0.2608646201794947,0.2829412631805126,0.5947102450407469,0.4738099644724414,0.5240385678710697,0.4759614311105056
voyage,62,test_internal,0,1,1,0.0789413088674728,9.424615384615384,0.7428325918087593,0.2891450779999598,0.2128225022840958,0.5890727464052347,0.4804005650200432,0.5187968044079465,0.4812031975217002
voyage,62,test_internal,0,1,2,0.0789413088674728,9.424615384615384,0.8209921472806196,0.3014080771635828,0.3325585969021687,0.5823282555891918,0.4882853090655889,0.5115371303592654,0.4884628735536294
voyage,62,test_internal,0,1,3,0.0789413088674728,9.424615384615384,0.8000812005079709,0.2706223749135497,0.2572126995714811,0.5848529669871697,0.4853337631165552,0.5134759434907556,0.4865240567772508
voyage,62,test_internal,0,1,4,0.0789413088674728,9.424615384615384,0.8038483471136827,0.2977997214986937,0.2599401616133176,0.5878210201171729,0.4818639164562706,0.5184354433160034,0.481564554432742
voyage,62,test_internal,0,1,5,0.0789413088674728,9.424615384615384,0.7573139123733227,0.2834892303039948,0.2526530783222271,0.5859296352588214,0.484075068677072,0.5148331509005252,0.4851668474378345
voyage,62,test_internal,0,1,6,0.0789413088674728,9.424615384615384,0.7345799521299509,0.2914648122560034,0.3436822013728893,0.5835053087656314,0.4869092625679729,0.5131487656089899,0.4868512339621996
voyage,62,test_internal,0,1,7,0.0789413088674728,9.424615384615384,0.7863890826702118,0.2636073019048948,0.2481112715945794,0.5857767847868113,0.4842537546114956,0.5144540413463716,0.4855459575816024
voyage,62,test_internal,0,2,0,0.0789413088674728,9.424615384615384,0.7657930369560535,0.3011957467304685,0.2702700762221446,0.5980966467582263,0.469851043155725,0.5295912522099001,0.4704087503629622
voyage,62,test_internal,0,2,1,0.0789413088674728,9.424615384615384,0.7827013135873354,0.2790866225883117,0.2823122831720572,0.5902271229945696,0.4790510229712768,0.5192141603115651,0.4807858404388531
voyage,62,test_internal,0,2,2,0.0789413088674728,9.424615384615384,0.7602618311001704,0.2720455936781385,0.2240699496292151,0.5846317927653973,0.4855923277975844,0.5137652382790614,0.4862347604881087
voyage,62,test_internal,0,2,3,0.0789413088674728,9.424615384615384,0.7497640356650719,0.2889298477598526,0.2083123347564385,0.5892046893559969,0.4802463174723893,0.518231397588476,0.4817686024651253
voyage,62,test_internal,0,2,4,0.0789413088674728,9.424615384615384,0.8167382059647487,0.2850182332159713,0.2876532668448411,0.585489799105204,0.484589259615905,0.515186862015038,0.4848131398610074
voyage,62,test_internal,0,2,5,0.0789413088674728,9.424615384615384,0.7917550651843731,0.284018971695094,0.2965243715506334,0.5847263543880903,0.4854817787091509,0.5133162365435696,0.4866837645820576
voyage,62,test_internal,0,2,6,0.0789413088674728,9.424615384615384,0.8032305313990666,0.309736990761449,0.3492023056745529,0.5851208712962958,0.4850205653112569,0.5149913819359361,0.4850086158664106
voyage,62,test_internal,0,2,7,0.0789413088674728,9.424615384615384,0.8060988185955928,0.249853978790009,0.3012788196251942,0.5829941386442918,0.4875068523579364,0.5106757260698209,0.4893242729117544
voyage,62,test_internal,0,3,0,0.0789413088674728,9.424615384615384,0.5890335285663605,0.3689277015361454,0.205496109357247,0.5952201353128139,0.4732138661922311,0.5249453346720703,0.4750546659711454
voyage,62,test_internal,0,3,1,0.0789413088674728,9.424615384615384,0.6179812165407034,0.3652262949007298,0.2220284974897423,0.5882672969194559,0.4813421886387489,0.5162554751518819,0.4837445236152882
voyage,62,test_internal,0,3,2,0.0789413088674728,9.424615384615384,0.720816243153352,0.3096349596592118,0.24055685623334,0.585128229031196,0.4850119630531441,0.5163927881194533,0.4836072118805467
voyage,62,test_internal,0,3,3,0.0789413088674728,9.424615384615384,0.7046931545551006,0.2875252047885819,0.2045283693247116,0.5842400716359799,0.4860502775731704,0.5119500897771163,0.4880499106516941
voyage,62,test_internal,0,3,4,0.0789413088674728,9.424615384615384,0.7140269248302167,0.339615999395812,0.2479538827475446,0.5856505956099584,0.4844012803954186,0.5165201754128332,0.4834798235151407
voyage,62,test_internal,0,3,5,0.0789413088674728,9.424615384615384,0.6853199102328373,0.3392849351867215,0.2582822922101387,0.5875513355090068,0.4821791950104048,0.5188289090669412,0.4811710903970457
voyage,62,test_internal,0,3,6,0.0789413088674728,9.424615384615384,0.7204014203181633,0.3282483532237162,0.2607708704471588,0.5880425153328822,0.4816049744756959,0.51901700926556,0.4809829881615776
voyage,62,test_internal,0,3,7,0.0789413088674728,9.424615384615384,0.7259624544473795,0.3019072371147412,0.2607290686724278,0.5797025926755025,0.4913548838963611,0.5090247607059616,0.4909752381684111
voyage,62,test_internal,1,0,0,0.9107141156756394,13.005405405405403,0.8640395056557011,0.3031373280724769,0.4127809132071766,0.5697790777713463,0.4890376071455658,0.5105226134992964,0.4894773870157207
voyage,62,test_internal,1,0,1,0.9107141156756394,13.005405405405403,0.8749878077893644,0.3028536939341381,0.3412390014408408,0.5737734229681459,0.4844971851727563,0.5152979781321849,0.484702020311319
voyage,62,test_internal,1,0,2,0.9107141156756394,13.005405405405403,0.8420306639091388,0.3156943945265288,0.4710044959509695,0.5634917761249518,0.4961844635769702,0.5039087428887319,0.4960912592171158
voyage,62,test_internal,1,0,3,0.9107141156756394,13.005405405405403,0.8467502036610165,0.3022368070974812,0.2624016604310757,0.5732707086799516,0.4850686253627874,0.5148523347123244,0.4851476668441716
voyage,62,test_internal,1,0,4,0.9107141156756394,13.005405405405403,0.8654710855032947,0.3008912597540414,0.3244713119155651,0.5681624488653363,0.4908752480547549,0.5091385204694056,0.4908614815105491
voyage,62,test_internal,1,0,5,0.9107141156756394,13.005405405405403,0.8753098941332585,0.3079675558285623,0.3381848282709315,0.5758626402531927,0.4821223428904919,0.5177729835135779,0.4822270152618259
voyage,62,test_internal,1,0,6,0.9107141156756394,13.005405405405403,0.8469501948034441,0.3082894495417143,0.4282744077411858,0.5616929621108481,0.4982291981921218,0.5018299788139337,0.4981700220186772
voyage,62,test_internal,1,0,7,0.9107141156756394,13.005405405405403,0.8578136046995988,0.2963179686357876,0.410531998163945,0.5667886388311918,0.4924368764489843,0.5072692357484372,0.4927307647036334
voyage,62,test_internal,1,1,0,0.9107141156756394,13.005405405405403,0.8052823111012175,0.2656938084609102,0.3458356105193898,0.5790558103975412,0.4784926271292105,0.5194346463671111,0.4805653520535031
voyage,62,test_internal,1,1,1,0.9107141156756394,13.005405405405403,0.764243186889468,0.3042379607800857,0.2110665007922295,0.5738285090874982,0.4844345667852967,0.5149734838423641,0.4850265141547916
voyage,62,test_internal,1,1,2,0.9107141156756394,13.005405405405403,0.840742212453404,0.2946926662097384,0.3267603317325985,0.5649041896685958,0.494578955291603,0.5052948239761563,0.4947051758636161
voyage,62,test_internal,1,1,3,0.9107141156756394,13.005405405405403,0.8058822804206126,0.2894329541648138,0.2165234130882733,0.5718737915561006,0.4866565188046791,0.5125799977010296,0.48742000362657
voyage,62,test_internal,1,1,4,0.9107141156756394,13.005405405405403,0.8260435722969673,0.2885835920477493,0.2698263469177323,0.5718635365870354,0.48666817819651,0.5137529508904561,0.4862470501853573
voyage,62,test_internal,1,1,5,0.9107141156756394,13.005405405405403,0.7939328654392346,0.2908236088217635,0.2382085691029961,0.5737167353162894,0.4845616229210398,0.5144814189449067,0.4855185769120669
voyage,62,test_internal,1,1,6,0.9107141156756394,13.005405405405403,0.7705681153245875,0.295079222971971,0.2984837107360363,0.5618219523438932,0.4980825715556672,0.5019613370104777,0.4980386613815245
voyage,62,test_internal,1,1,7,0.9107141156756394,13.005405405405403,0.8133211914751981,0.2606331175069311,0.2851481310117084,0.5697183267288917,0.4891066634069024,0.5096509317007666,0.4903490681618955
voyage,62,test_internal,1,2,0,0.9107141156756394,13.005405405405403,0.8134163630169791,0.3023160968038306,0.3407503554345788,0.5810247487514406,0.4762545090208771,0.5230071774917081,0.4769928209975751
voyage,62,test_internal,1,2,1,0.9107141156756394,13.005405405405403,0.8366209076063053,0.2862920149934384,0.3336203820197969,0.5718141515311357,0.4867243091082243,0.5125392015376765,0.4874607966883758
voyage,62,test_internal,1,2,2,0.9107141156756394,13.005405405405403,0.7798940454785889,0.2817516920942579,0.210727558229622,0.5709489972506826,0.4877077461479263,0.511821753784625,0.4881782471309609
voyage,62,test_internal,1,2,3,0.9107141156756394,13.005405405405403,0.7508684661742803,0.3111623102255735,0.1847550561752271,0.5790454744084461,0.4785043784916492,0.5201787270388113,0.4798212730298577
voyage,62,test_internal,1,2,4,0.9107141156756394,13.005405405405403,0.8392486006826968,0.2845528835993975,0.2712424127737413,0.5691610708933424,0.4897401041698895,0.5105144067019362,0.4894855911464368
voyage,62,test_internal,1,2,5,0.9107141156756394,13.005405405405403,0.8349379424307798,0.2898021771543803,0.2945172657535688,0.571691430621856,0.4868638108036668,0.5122888148540542,0.4877111873319072
voyage,62,test_internal,1,2,6,0.9107141156756394,13.005405405405403,0.8050051221976409,0.322404966809261,0.3011826520131246,0.5640894661984733,0.4955050617502215,0.5048353872655357,0.4951646121965575
voyage,62,test_internal,1,2,7,0.9107141156756394,13.005405405405403,0.8379607036307052,0.2517755266390279,0.3404838788952376,0.5668401249759906,0.4923783533172124,0.5061046536296561,0.4938953480183987
voyage,62,test_internal,1,3,0,0.9107141156756394,13.005405405405403,0.7430024100316538,0.3306729758247626,0.4150951804240813,0.572257655129038,0.4862201777265368,0.5169818501135538,0.4830181496232152
voyage,62,test_internal,1,3,1,0.9107141156756394,13.005405405405403,0.7380902516680795,0.3353148237067388,0.4118953340158269,0.5630708447229621,0.496662943937262,0.5060278207017895,0.4939721802137963
voyage,62,test_internal,1,3,2,0.9107141156756394,13.005405405405403,0.820377388032707,0.3105367321691868,0.3977103636876957,0.5615338560697195,0.4984100567900823,0.5028264265845082,0.4971735710120787
voyage,62,test_internal,1,3,3,0.9107141156756394,13.005405405405403,0.6843590226527807,0.3584340992702244,0.1638557926122401,0.5959976018481964,0.459234679441115,0.5358654635224475,0.4641345357107493
voyage,62,test_internal,1,3,4,0.9107141156756394,13.005405405405403,0.7401097466816773,0.3085360925098404,0.3631923622929969,0.5604174338658718,0.4996791074879341,0.502075599057288,0.4979244002503001
voyage,62,test_internal,1,3,5,0.9107141156756394,13.005405405405403,0.7815896687475411,0.3308392109143951,0.4622599312683215,0.5616178351706146,0.498314595751224,0.5034069699419809,0.4965930301839122
voyage,62,test_internal,1,3,6,0.9107141156756394,13.005405405405403,0.6831450269028947,0.3047281351575996,0.3845422160685868,0.556725457094207,0.5038758255655773,0.4982846649091822,0.5017153351137074
voyage,62,test_internal,1,3,7,0.9107141156756394,13.005405405405403,0.8358752617964873,0.3247103850554154,0.4215602714316668,0.5608005370995081,0.4992436286170728,0.5009926504665806,0.4990073499912124
voyage,62,validation,0,0,0,0.0346241242596879,14.748,0.9833708513379096,0.3440752981064737,0.3005195454806089,0.4920737273097038,0.5079262702167034,0.491601428180933,0.5083985715508461
voyage,62,validation,0,0,1,0.0346241242596879,14.748,0.994452690243721,0.3440318801564275,0.2376626064330339,0.5038071680665016,0.4961928323507309,0.5036999533176422,0.4963000438213348
voyage,62,validation,0,0,2,0.0346241242596879,14.748,0.9580596423745156,0.3548684475397445,0.3657666924297809,0.4766390494704246,0.5233609501719475,0.4765363411903381,0.5234636591076851
voyage,62,validation,0,0,3,0.0346241242596879,14.748,0.9584843176603316,0.344335799046755,0.1470341370478272,0.5131208038628101,0.4868791942000389,0.5132718106508255,0.4867281891405582
voyage,62,validation,0,0,4,0.0346241242596879,14.748,0.9818844889998436,0.3428028529118926,0.2170201252698898,0.505996139138937,0.4940038602948188,0.5059594136476516,0.4940405839681625
voyage,62,validation,0,0,5,0.0346241242596879,14.748,0.994600662946701,0.3493752404507669,0.2294562945663929,0.5082388618588447,0.4917611376941204,0.5083899131715298,0.4916100876033306
voyage,62,validation,0,0,6,0.0346241242596879,14.748,0.963690768957138,0.350761384898454,0.3292996446490288,0.4811331884860992,0.5188668104410171,0.4811067879498005,0.518893211722374
voyage,62,validation,0,0,7,0.0346241242596879,14.748,0.9768483327627182,0.3354132965607148,0.3108471175581216,0.4895851773917675,0.510414822936058,0.4891926206350326,0.510807379424572
voyage,62,validation,0,1,0,0.0346241242596879,14.748,0.9057779151797296,0.3086207021136594,0.2082825317084789,0.515268803358078,0.4847311967611313,0.5125915403664112,0.4874084614217281
voyage,62,validation,0,1,1,0.0346241242596879,14.748,0.8576143659353256,0.3481399686774709,0.0951206412091851,0.5154244547784328,0.4845755442082882,0.5145039206445217,0.4854960776865482
voyage,62,validation,0,1,2,0.0346241242596879,14.748,0.949278087258339,0.3328111043722829,0.2132631198763847,0.4947143805325031,0.5052856186628342,0.4937916270196438,0.5062083724737168
voyage,62,validation,0,1,3,0.0346241242596879,14.748,0.9032219066619872,0.3350117091188438,0.0922200000882148,0.5187342695593834,0.4812657315135002,0.5183721019923687,0.4816278971731663
voyage,62,validation,0,1,4,0.0346241242596879,14.748,0.9332157997488976,0.33227498129383,0.1606485884450376,0.5163090254366398,0.4836909748017788,0.5163672884702682,0.4836327120959758
voyage,62,validation,0,1,5,0.0346241242596879,14.748,0.8886543449163437,0.3346341901578454,0.1154560768678784,0.5173491010069847,0.4826509009897708,0.5169915943145752,0.4830084074735641
voyage,62,validation,0,1,6,0.0346241242596879,14.748,0.8674841542243957,0.343113126746516,0.1896846581734717,0.4968152483701706,0.5031847518086433,0.4968404737114906,0.5031595250964165
voyage,62,validation,0,1,7,0.0346241242596879,14.748,0.91974491250515,0.2982455703078597,0.1815267970710992,0.5163972338438034,0.4836027651131153,0.5147785216271877,0.4852214778065681
voyage,62,validation,0,2,0,0.0346241242596879,14.748,0.8695895989537239,0.3608070318335826,0.1534837355203926,0.527229668200016,0.4727703320086002,0.52673657771945,0.4732634222507477
voyage,62,validation,0,2,1,0.0346241242596879,14.748,0.9168216910362244,0.334517023987779,0.1785700896009802,0.5092502086758613,0.4907497924566268,0.5079513121545315,0.4920486887097359
voyage,62,validation,0,2,2,0.0346241242596879,14.748,0.8621599009037018,0.3237942453562705,0.0809973821118474,0.5114984499812126,0.4885015484988689,0.5104856438040734,0.4895143557488918
voyage,62,validation,0,2,3,0.0346241242596879,14.748,0.8292934402823449,0.3587380043077322,0.0559260216876864,0.5353735585212708,0.4646264431774616,0.5343108857870102,0.4656891147494316
voyage,62,validation,0,2,4,0.0346241242596879,14.748,0.9352091299295424,0.3349031680937757,0.1273874089643359,0.5149457257390022,0.485054272711277,0.5152628454566002,0.4847371528446674
voyage,62,validation,0,2,5,0.0346241242596879,14.748,0.89946396702528,0.3372445999656108,0.1257102575674653,0.5143083512187004,0.4856916481852531,0.5142756749093532,0.4857243259549141
voyage,62,validation,0,2,6,0.0346241242596879,14.748,0.9086616942286492,0.3757132774061906,0.1524470192790031,0.5084070317447186,0.49159296682477,0.508402525037527,0.4915974748432636
voyage,62,validation,0,2,7,0.0346241242596879,14.748,0.936546417593956,0.2858217006239617,0.2245603755787015,0.5044091201126576,0.4955908780694008,0.5032373470962047,0.4967626524567604
voyage,62,validation,0,3,0,0.0346241242596879,14.748,0.5790309861302376,0.4315636044780769,0.0294493629815988,0.5218879494667054,0.4781120515465736,0.5176376131474971,0.4823623874485492
voyage,62,validation,0,3,1,0.0346241242596879,14.748,0.6298943141102791,0.4189632785276339,0.0360135445352643,0.5093173105120659,0.4906826899349689,0.5060237334668636,0.493976267516613
voyage,62,validation,0,3,2,0.0346241242596879,14.748,0.7561939103007317,0.3569827275414013,0.0588584954645484,0.5148720771074295,0.4851279262304306,0.515517320483923,0.4844826810657978
voyage,62,validation,0,3,3,0.0346241242596879,14.748,0.7540957705378533,0.3498210568497885,0.0481162738334387,0.5249773489534855,0.4750226509273052,0.524537496894598,0.4754625033736229
voyage,62,validation,0,3,4,0.0346241242596879,14.748,0.7112502677440643,0.4010763658083579,0.0379521804712712,0.5229075563549995,0.477092442959547,0.5240668360888958,0.4759331636428833
voyage,62,validation,0,3,5,0.0346241242596879,14.748,0.680449275970459,0.3902017653240741,0.0463788344953209,0.5270644387602806,0.4729355591535568,0.5286715396642685,0.4713284587860107
voyage,62,validation,0,3,6,0.0346241242596879,14.748,0.719090034544468,0.3948791857088638,0.0417693513799458,0.525816976338625,0.47418302282691,0.5254679013192654,0.4745320978164672
voyage,62,validation,0,3,7,0.0346241242596879,14.748,0.7855232776403427,0.3518526467370969,0.0966560496296733,0.5008002421855926,0.4991997566521168,0.5016520722806453,0.4983479269742966
voyage,62,validation,1,0,0,0.7061615617250103,92.26506024096386,0.994281989264201,0.3354358247443629,0.2291450394564364,0.3328400201409952,0.6671599853369925,0.3323506660009216,0.71169581183468
voyage,62,validation,1,0,1,0.7061615617250103,92.26506024096386,0.996640203228916,0.346576712870042,0.2624189453311713,0.3361210604586328,0.663878944185045,0.3359667583653289,0.7085589597742241
voyage,62,validation,1,0,2,0.7061615617250103,92.26506024096386,0.9940737385347664,0.3419324569974219,0.26005999618266,0.327456559436137,0.6725434433254931,0.3282601888770134,0.7152441722082804
voyage,62,validation,1,0,3,0.7061615617250103,92.26506024096386,0.9755757077630745,0.3380326376952893,0.2185430255639984,0.3421940517275491,0.6578059498634603,0.3410552330573814,0.7041448505528002
voyage,62,validation,1,0,4,0.7061615617250103,92.26506024096386,0.9963435114148153,0.3411350164742507,0.2684604602764888,0.334226340883308,0.6657736599445343,0.3340849820653804,0.7101913442812771
voyage,62,validation,1,0,5,0.7061615617250103,92.26506024096386,0.9902749679174768,0.3317465844724498,0.2051032910864037,0.3405758413460312,0.6594241563644674,0.3397790940297354,0.7052518736167126
voyage,62,validation,1,0,6,0.7061615617250103,92.26506024096386,0.9930582463023174,0.3341640175452919,0.2539322794560926,0.327492834883742,0.672507150305642,0.3278108798096784,0.7156339266214026
voyage,62,validation,1,0,7,0.7061615617250103,92.26506024096386,0.9927872491170124,0.3372069332645152,0.269133563142225,0.3307755661662668,0.6692244323591391,0.3307680440225845,0.7130686831043427
voyage,62,validation,1,1,0,0.7061615617250103,92.26506024096386,0.9771747682468,0.3419565240297244,0.2097151006560727,0.3427666616238032,0.6572333400448164,0.3366080145286914,0.7080026821917799
voyage,62,validation,1,1,1,0.7061615617250103,92.26506024096386,0.9791507541415204,0.3462870042490664,0.2198565015232706,0.3416761374230393,0.6583238471713331,0.3384770584913592,0.7063813468059862
voyage,62,validation,1,1,2,0.7061615617250103,92.26506024096386,0.984185634607292,0.3597863294155665,0.3199170465210834,0.3301755045928682,0.6698244996368885,0.3322976410466556,0.7117418090263045
voyage,62,validation,1,1,3,0.7061615617250103,92.26506024096386,0.9613168584295066,0.3288444395717467,0.2580763466027845,0.3478268946055323,0.6521731134918001,0.3419337902450934,0.7033827365880989
voyage,62,validation,1,1,4,0.7061615617250103,92.26506024096386,0.9835020038018744,0.3363148377644828,0.2509587302983525,0.3383499677810404,0.6616500264240636,0.3361186590433742,0.7084271818040365
voyage,62,validation,1,1,5,0.7061615617250103,92.26506024096386,0.9660975861262128,0.3190413506768065,0.2405938678477183,0.3503127255567556,0.64968727197912,0.3428261080989614,0.702608679791531
voyage,62,validation,1,1,6,0.7061615617250103,92.26506024096386,0.9730802910873688,0.3383902624880872,0.2908479165600007,0.3292365892751452,0.6707634184923437,0.3304838083762054,0.7133152538753418
voyage,62,validation,1,1,7,0.7061615617250103,92.26506024096386,0.9809786081314088,0.3397409784972993,0.2278130221438695,0.3387872594951962,0.6612127348780632,0.3344588733097124,0.7098669980663851
voyage,62,validation,1,2,0,0.7061615617250103,92.26506024096386,0.9785466222877962,0.3578502503080078,0.2178216037980045,0.3418849092752983,0.6581150992876954,0.3392114740498881,0.7057442578924707
voyage,62,validation,1,2,1,0.7061615617250103,92.26506024096386,0.9857613264796246,0.3413159975292764,0.2285782140062516,0.3376988069568243,0.6623011943366792,0.3350101514822907,0.7093887842563261
voyage,62,validation,1,2,2,0.7061615617250103,92.26506024096386,0.9694093264729144,0.369852473766284,0.3111969990184508,0.3407923895477627,0.6592076168292098,0.3395914455953364,0.7054146488746965
voyage,62,validation,1,2,3,0.7061615617250103,92.26506024096386,0.9495253038693624,0.3387347639264955,0.2852958975786186,0.3504912449150449,0.6495087660021253,0.3443613867016716,0.7012768642730024
voyage,62,validation,1,2,4,0.7061615617250103,92.26506024096386,0.9809187593230282,0.3448521344197833,0.2665869500263628,0.3373649537162337,0.66263504491912,0.3357462739416708,0.708750215639551
voyage,62,validation,1,2,5,0.7061615617250103,92.26506024096386,0.9645256543733988,0.3348157232903715,0.2625651998692248,0.3455650658579543,0.6544349446064897,0.3408002582145855,0.7043660380035998
voyage,62,validation,1,2,6,0.7061615617250103,92.26506024096386,0.9772319456180896,0.3441775678482287,0.2940990879952189,0.3311048728452685,0.6688951390484968,0.3327981979624989,0.7113075981657189
voyage,62,validation,1,2,7,0.7061615617250103,92.26506024096386,0.9859190662223172,0.341299898618164,0.2386573312512363,0.3354481003350681,0.6645519038041433,0.3328744362030799,0.7112414495772627
voyage,62,validation,1,3,0,0.7061615617250103,92.26506024096386,0.958161109183208,0.3781328579694424,0.216198989246265,0.3415893740796794,0.6584106203582551,0.3454658219642523,0.7003188072198845
voyage,62,validation,1,3,1,0.7061615617250103,92.26506024096386,0.9843752219016292,0.3472896608675625,0.2370167051453188,0.334613027710778,0.6653869764672385,0.3376561293456082,0.7070934743766325
voyage,62,validation,1,3,2,0.7061615617250103,92.26506024096386,0.9722804937017968,0.3693723608307237,0.3125790711267885,0.3348915410008178,0.66510844644573,0.3378453443357203,0.7069293368293579
voyage,62,validation,1,3,3,0.7061615617250103,92.26506024096386,0.9434765182345748,0.3437250399764666,0.2968485919107874,0.3448881832753411,0.655111829439799,0.3431364550164694,0.7023394650005432
voyage,62,validation,1,3,4,0.7061615617250103,92.26506024096386,0.9712084639503296,0.3549059957426246,0.2833561741084938,0.3355981008175553,0.6644018929865625,0.3384584158840071,0.7063975273126579
voyage,62,validation,1,3,5,0.7061615617250103,92.26506024096386,0.9542382452861372,0.3496437006696972,0.2824640006545078,0.3398205446105243,0.6601794502801366,0.3421252124114997,0.7032166794840112
voyage,62,validation,1,3,6,0.7061615617250103,92.26506024096386,0.9757480427443262,0.3434155439664219,0.2788740610142788,0.3367979791299957,0.6632020175457001,0.3381732021743018,0.7066449386527739
voyage,62,validation,1,3,7,0.7061615617250103,92.26506024096386,0.9884898360953274,0.3439020923106229,0.2552258032991225,0.3330120239471499,0.666987970057461,0.3340061808444766,0.7102596993187824
voyage,52,validation,0,0,0,0.0641140564512461,14.748,0.9271298825740816,0.3414197729785785,0.1188922076672315,0.5116118325591087,0.4883881678879261,0.5116430889368058,0.4883569117188454
voyage,52,validation,0,0,1,0.0641140564512461,14.748,0.9884338818192482,0.3451764119233181,0.2807156147509813,0.4921703195571899,0.5078296803534031,0.4921845926046371,0.507815405368805
voyage,52,validation,0,0,2,0.0641140564512461,14.748,0.9662849065065384,0.3476317009507809,0.3544708776473999,0.478284187823534,0.5217158136367798,0.4781112900674343,0.5218887111544609
voyage,52,validation,0,0,3,0.0641140564512461,14.748,0.9889753073453904,0.3473200550730118,0.305629777893424,0.4953067522346973,0.5046932486891746,0.4951500406563282,0.5048499627411366
voyage,52,validation,0,0,4,0.0641140564512461,14.748,0.9700202087163924,0.3517212060594266,0.2080558092445135,0.5255712001919747,0.474428800791502,0.5250140679478645,0.4749859325587749
voyage,52,validation,0,0,5,0.0641140564512461,14.748,0.9919011869430542,0.3700139306108239,0.3343519923388958,0.484927094399929,0.5150729046463967,0.4850573273301125,0.5149426714181901
voyage,52,validation,0,0,6,0.0641140564512461,14.748,0.962350836277008,0.343305935823303,0.3392702694833279,0.4845780973136425,0.5154219021797181,0.4845359979569912,0.5154640012681484
voyage,52,validation,0,0,7,0.0641140564512461,14.748,0.9744339108467102,0.3446960712717828,0.2723772253096104,0.4890845794975758,0.5109154189825058,0.4890939247608185,0.5109060769081115
voyage,52,validation,0,1,0,0.0641140564512461,14.748,0.7074764707684517,0.3848498581302626,0.0454474822012707,0.5240764083862305,0.475923591941595,0.524082812011242,0.4759171869754791
voyage,52,validation,0,1,1,0.0641140564512461,14.748,0.9100727378726006,0.3287136277888179,0.2190386876538395,0.5034093915522099,0.4965906100571156,0.502914616316557,0.4970853816568851
voyage,52,validation,0,1,2,0.0641140564512461,14.748,0.9029916296601296,0.3394397615507866,0.2574719279557466,0.4906878144741058,0.5093121874034405,0.4907852331995964,0.5092147684693337
voyage,52,validation,0,1,3,0.0641140564512461,14.748,0.9627159995436668,0.3026215478656476,0.2043803397864103,0.5010855495333671,0.4989144479930401,0.4994858445227146,0.5005141568779945
voyage,52,validation,0,1,4,0.0641140564512461,14.748,0.927089519917965,0.2786720839452272,0.2254266104549169,0.5122703701555729,0.4877296293675899,0.5093051016032696,0.4906948981583118
voyage,52,validation,0,1,5,0.0641140564512461,14.748,0.8619974657297135,0.4048468975032013,0.0914333675168454,0.51892696043849,0.481073040574789,0.519183530330658,0.4808164682090282
voyage,52,validation,0,1,6,0.0641140564512461,14.748,0.9602193973660468,0.3222166306564976,0.300106235474348,0.4894468207359314,0.5105531809031963,0.4889565432965755,0.5110434578061104
voyage,52,validation,0,1,7,0.0641140564512461,14.748,0.9212187130451204,0.3213740276703045,0.1248976653292775,0.517626937508583,0.4823730617761612,0.5173148792982102,0.4826851207017898
voyage,52,validation,0,2,0,0.0641140564512461,14.748,0.9434759976267816,0.3455573047812483,0.1400247021093964,0.5121279868781566,0.4878720147907734,0.51229073959589,0.4877092614471912
voyage,52,validation,0,2,1,0.0641140564512461,14.748,0.9013084740042686,0.3348481116494802,0.2026209200173616,0.5063015301525593,0.4936984699964523,0.5063640118539333,0.493635987907648
voyage,52,validation,0,2,2,0.0641140564512461,14.748,0.8585573752522468,0.346445821371968,0.0899076218809932,0.5215365110337734,0.478463487714529,0.5221535502374173,0.4778464482426643
voyage,52,validation,0,2,3,0.0641140564512461,14.748,0.9554741925597192,0.3111454630586154,0.1954104111790657,0.5026732592582702,0.4973267396986484,0.5012614184617996,0.4987385804355144
voyage,52,validation,0,2,4,0.0641140564512461,14.748,0.91550354295969,0.2931926203860635,0.2007995945513248,0.5173430348932743,0.4826569653153419,0.5146407128870487,0.4853592887222767
voyage,52,validation,0,2,5,0.0641140564512461,14.748,0.8706192516684532,0.3631859249436175,0.0946641607992351,0.5107471092939376,0.4892528910040855,0.5107361957728863,0.4892638060450553
voyage,52,validation,0,2,6,0.0641140564512461,14.748,0.9057652107477188,0.3368050636669225,0.1482962370738387,0.5023803788125515,0.4976196205019951,0.5026786943078041,0.497321306347847
voyage,52,validation,0,2,7,0.0641140564512461,14.748,0.9178418278098106,0.3437961848956755,0.1416907526031136,0.5260676978826523,0.4739323021173477,0.5262107017636299,0.4737892982065678
voyage,52,validation,0,3,0,0.0641140564512461,14.748,0.7529009099602699,0.3856642799338129,0.0560760210622102,0.5210672781765461,0.4789327213168144,0.521339553296566,0.4786604460477829
voyage,52,validation,0,3,1,0.0641140564512461,14.748,0.756686812877655,0.3628917271268366,0.0856512855868786,0.5165426684617996,0.4834573309719562,0.5180807843506336,0.4819192167520523
voyage,52,validation,0,3,2,0.0641140564512461,14.748,0.7980402121543885,0.3565847959147065,0.0508864416051656,0.5302965710759163,0.4697034282982349,0.5305890479385853,0.4694109505414963
voyage,52,validation,0,3,3,0.0641140564512461,14.748,0.7096397005915642,0.3613930898274197,0.0672378949560225,0.5254548513293267,0.4745451503992081,0.5251187252998352,0.4748812739253044
voyage,52,validation,0,3,4,0.0641140564512461,14.748,0.766220354616642,0.3858875073620216,0.0867464445605874,0.5192761923074722,0.4807238071858883,0.5193800266683102,0.4806199733912945
voyage,52,validation,0,3,5,0.0641140564512461,14.748,0.745655221581459,0.3812172999865165,0.0412277251025661,0.5275621384382247,0.4724378610253334,0.5274062811136245,0.4725937197804451
voyage,52,validation,0,3,6,0.0641140564512461,14.748,0.7441940838694573,0.3675429899359494,0.0501207643095403,0.5025483419001102,0.4974516569077968,0.5021928960680961,0.497807103395462
voyage,52,validation,0,3,7,0.0641140564512461,14.748,0.6878893452286721,0.3815004795356573,0.0440440018288791,0.5333188580870628,0.4666811429560184,0.5344204374551773,0.4655795615315437
voyage,52,validation,1,0,0,0.943037857133222,92.26506024096386,0.9653732640197478,0.3528336371036688,0.2066890152103929,0.3398841096786782,0.6601158881353008,0.3391265769152798,0.705817911639271
voyage,52,validation,1,0,1,0.943037857133222,92.26506024096386,0.9946740276842232,0.3332338422885705,0.2295963859342667,0.3318691610798446,0.6681308398644129,0.3320088760099477,0.7119922993412937
voyage,52,validation,1,0,2,0.943037857133222,92.26506024096386,0.9892173790069948,0.328296284562466,0.2142172705337225,0.3274585735440875,0.6725414217346244,0.3275977204191602,0.7158188489546259
voyage,52,validation,1,0,3,0.943037857133222,92.26506024096386,0.9948124411594436,0.337520483811142,0.2832711829119418,0.3328845283443418,0.6671154668761624,0.3329271903559048,0.7111956943948585
voyage,52,validation,1,0,4,0.943037857133222,92.26506024096386,0.9913491592349776,0.338854535192251,0.2851983513458666,0.3420568607204283,0.6579431291255686,0.3405309563321579,0.7045996555362839
voyage,52,validation,1,0,5,0.943037857133222,92.26506024096386,0.9969882871731218,0.3414296520107277,0.2828490077012993,0.3295050705395018,0.6704949273003472,0.33024877693323,0.7135191319218601
voyage,52,validation,1,0,6,0.943037857133222,92.26506024096386,0.9929965684212834,0.3409707403015192,0.2677281716142792,0.3306881656980194,0.6693118227024873,0.3311799725698721,0.7127113475138882
voyage,52,validation,1,0,7,0.943037857133222,92.26506024096386,0.9938226923885116,0.3341134912979444,0.2136679503572992,0.3296513429312553,0.6703486616412798,0.3299233316405055,0.7138014428586845
voyage,52,validation,1,1,0,0.943037857133222,92.26506024096386,0.9203061906688184,0.3560864539306538,0.2179530891309301,0.3542432728184697,0.6457567289471626,0.3483427383212579,0.6978231693606779
voyage,52,validation,1,1,1,0.943037857133222,92.26506024096386,0.9789146163377416,0.3182874310728333,0.2610291554985276,0.3398614247174312,0.6601385842594836,0.3384936493692091,0.706366952643337
voyage,52,validation,1,1,2,0.943037857133222,92.26506024096386,0.969558820667037,0.3203072714462019,0.1970577559557305,0.3286054163472727,0.671394579940372,0.3297834419321993,0.7139227900160364
voyage,52,validation,1,1,3,0.943037857133222,92.26506024096386,0.9846386665321258,0.3275694852534487,0.2695617309535842,0.3370757163502276,0.6629242756300502,0.3337991639661292,0.71043928631817
voyage,52,validation,1,1,4,0.943037857133222,92.26506024096386,0.979252708963601,0.3364582765363886,0.3130367541887674,0.3403267908789631,0.6596732098195288,0.3349023742096809,0.7094822841954519
voyage,52,validation,1,1,5,0.943037857133222,92.26506024096386,0.961757268532213,0.360252438358304,0.2907339909888176,0.3357502480761872,0.6642497595813539,0.3403363419088742,0.704768476356943
voyage,52,validation,1,1,6,0.943037857133222,92.26506024096386,0.9851162821413524,0.3312234848379911,0.2429936185299632,0.332212839469624,0.6677871574130323,0.3325688134193317,0.7115065713962877
voyage,52,validation,1,1,7,0.943037857133222,92.26506024096386,0.9814819219600724,0.3336404884691842,0.1898790937231247,0.3408320826775808,0.6591679122712877,0.3365175699388298,0.7080811491931778
voyage,52,validation,1,2,0,0.943037857133222,92.26506024096386,0.9811216420437916,0.3509921226411619,0.2740365690495594,0.3372063065827306,0.6627937013076411,0.3361285772924829,0.7084185886813934
voyage,52,validation,1,2,1,0.943037857133222,92.26506024096386,0.983104264161673,0.3234961160316125,0.271023624632732,0.3385908826538879,0.6614091090030141,0.3379735966057827,0.7068180815283075
voyage,52,validation,1,2,2,0.943037857133222,92.26506024096386,0.975972538252911,0.3279027330979651,0.2079869706228555,0.339555918950484,0.6604440808296204,0.3385610142140649,0.7063085214201227
voyage,52,validation,1,2,3,0.943037857133222,92.26506024096386,0.9855353171566884,0.3250016954827273,0.2786609817700213,0.3345965824878981,0.6654034298327234,0.3323696600661303,0.7116793333047844
voyage,52,validation,1,2,4,0.943037857133222,92.26506024096386,0.9834437197949512,0.3384288896805911,0.3061132150960255,0.3371904361734373,0.6628095640076531,0.3338985444150037,0.7103530581457069
voyage,52,validation,1,2,5,0.943037857133222,92.26506024096386,0.9597298589097448,0.367932166057739,0.3171147172709545,0.3357853239059396,0.6642146843175093,0.3384197317128483,0.7064310700060373
voyage,52,validation,1,2,6,0.943037857133222,92.26506024096386,0.9854414728750666,0.3412206494980619,0.2635041030056505,0.3361223527398478,0.6638776556485229,0.3365323535399511,0.7080683151641524
voyage,52,validation,1,2,7,0.943037857133222,92.26506024096386,0.9875664050320544,0.3328695311236052,0.2259488879557115,0.3349964605101074,0.6650035410291619,0.333274894600941,0.7108940733484475
voyage,52,validation,1,3,0,0.943037857133222,92.26506024096386,0.9723210521491176,0.348218507123897,0.2808030490056578,0.3305916016446038,0.6694084099597402,0.3325367560157449,0.7115343712180494
voyage,52,validation,1,3,1,0.943037857133222,92.26506024096386,0.9832214971622788,0.3281571309474304,0.2718289463994014,0.3348934639329349,0.66510653288828,0.3354611763853528,0.7089975289551609
voyage,52,validation,1,3,2,0.943037857133222,92.26506024096386,0.9758434223841472,0.3405541126502836,0.210666468344539,0.3394209966839601,0.6605789988405175,0.3386926018995129,0.706194362008428
voyage,52,validation,1,3,3,0.943037857133222,92.26506024096386,0.9821422631482044,0.3229956854643613,0.2448979966252683,0.3305737566147905,0.6694262474775314,0.3314872711069054,0.7124447765120541
voyage,52,validation,1,3,4,0.943037857133222,92.26506024096386,0.9839557136397764,0.33884267011787,0.278166453881436,0.3313353275783204,0.6686646586491002,0.3327405063383695,0.7113576369831361
voyage,52,validation,1,3,5,0.943037857133222,92.26506024096386,0.939473815711148,0.3591733295236035,0.3125668832336564,0.3318061337130429,0.6681938601864709,0.3335109812906012,0.7106892671211656
voyage,52,validation,1,3,6,0.943037857133222,92.26506024096386,0.9727748481624098,0.3509343248357173,0.2656613952783216,0.3413842730547508,0.6586157269775867,0.3412634272568134,0.7039642538650926
voyage,52,validation,1,3,7,0.943037857133222,92.26506024096386,0.9788173444299813,0.3271112276867606,0.2318949458828891,0.3287057277068217,0.6712942719459534,0.3296437575029106,0.7140439694904419
voyage,52,test_internal,0,0,0,0.1164423999562859,9.424615384615384,0.8108771649690775,0.2938616051005528,0.2882140889305334,0.584974182339815,0.4851920527519939,0.5147122503291789,0.4852877526188925
voyage,52,test_internal,0,0,1,0.1164423999562859,9.424615384615384,0.8432558111961072,0.3049484470490933,0.4279831080711805,0.5805918660530677,0.490315264023894,0.5095051040859531,0.4904948984869092
voyage,52,test_internal,0,0,2,0.1164423999562859,9.424615384615384,0.8223550190375402,0.3097080811502522,0.4654141348600387,0.5781089312296648,0.4932179791893032,0.5067499461684296,0.4932500545819886
voyage,52,test_internal,0,0,3,0.1164423999562859,9.424615384615384,0.84439516049165,0.3072669591387604,0.4462912548276094,0.5851773251019992,0.4849545637266241,0.5147244602763396,0.485275536775589
voyage,52,test_internal,0,0,4,0.1164423999562859,9.424615384615384,0.8254766907141758,0.2983136168754096,0.2886185721479929,0.5989051830768585,0.4689058094895143,0.5306491457837091,0.4693508552347156
voyage,52,test_internal,0,0,5,0.1164423999562859,9.424615384615384,0.8500573969804324,0.3234009529491508,0.4303250287129329,0.5787864239857747,0.4924259413060524,0.5079470501422024,0.4920529488393729
voyage,52,test_internal,0,0,6,0.1164423999562859,9.424615384615384,0.8136799913186293,0.3111920495306008,0.5103096867753909,0.5799890636480771,0.4910199811829508,0.5088393034266053,0.4911606967073979
voyage,52,test_internal,0,0,7,0.1164423999562859,9.424615384615384,0.827049270593203,0.3105616465186874,0.4576949496223376,0.5785378652352553,0.4927165252592066,0.5072648823797274,0.4927351163874427
voyage,52,test_internal,0,1,0,0.1164423999562859,9.424615384615384,0.6130572783946991,0.3245649190693789,0.1674592649048337,0.5822706164763524,0.4883526974766374,0.5112135129974043,0.4887864874314061
voyage,52,test_internal,0,1,1,0.1164423999562859,9.424615384615384,0.7793831406189845,0.2888475703905847,0.2783078553470281,0.5822991027281834,0.4883193940781861,0.511109961558589,0.4888900403174565
voyage,52,test_internal,0,1,2,0.1164423999562859,9.424615384615384,0.7797762781840104,0.319856638951396,0.3232287918260464,0.5859152350517419,0.4840919036123392,0.517001810959346,0.4829981868430007
voyage,52,test_internal,0,1,3,0.1164423999562859,9.424615384615384,0.8288571579639729,0.2575998401055832,0.3342354429685152,0.583508834701318,0.4869051376263872,0.5112556879468959,0.4887443106594703
voyage,52,test_internal,0,1,4,0.1164423999562859,9.424615384615384,0.7954894592211796,0.236515007780705,0.3022092242768178,0.5893041890401106,0.4801299950952152,0.517347731714626,0.4826522706438311
voyage,52,test_internal,0,1,5,0.1164423999562859,9.424615384615384,0.7651727956991929,0.3475539226735857,0.253865803657816,0.584782681786097,0.4854159303706327,0.5147956597933666,0.4852043367761502
voyage,52,test_internal,0,1,6,0.1164423999562859,9.424615384615384,0.8306849374220922,0.2825916052010848,0.3576662179369193,0.5811982071399688,0.4896064155178962,0.5098982836059529,0.4901017147324068
voyage,52,test_internal,0,1,7,0.1164423999562859,9.424615384615384,0.8003846661861126,0.274926451212953,0.2564715172694279,0.5869141975274452,0.4829240516364145,0.5168036822256424,0.483196317506351
voyage,52,test_internal,0,2,0,0.1164423999562859,9.424615384615384,0.822446000300921,0.2954974388263767,0.2855967366466155,0.5796689880352753,0.4913941711830578,0.5087161306961835,0.4912838712334633
voyage,52,test_internal,0,2,1,0.1164423999562859,9.424615384615384,0.7786964805309589,0.2850409241704381,0.2792577393352985,0.5819018487288402,0.488783808599273,0.5107920502694391,0.4892079473721037
voyage,52,test_internal,0,2,2,0.1164423999562859,9.424615384615384,0.7468208349668063,0.3061462509402343,0.2087710992390146,0.5911439931851167,0.4779791453545042,0.5224040256772967,0.4775959752875266
voyage,52,test_internal,0,2,3,0.1164423999562859,9.424615384615384,0.8313487107020158,0.2688889702985742,0.3529186400312644,0.5845698241087106,0.4856647766536946,0.5128564289469513,0.4871435715890617
voyage,52,test_internal,0,2,4,0.1164423999562859,9.424615384615384,0.7956268533376547,0.2527633437419457,0.3094135088645495,0.5895592236060363,0.4798318416201811,0.5175805506731966,0.4824194502380254
voyage,52,test_internal,0,2,5,0.1164423999562859,9.424615384615384,0.7870440026429983,0.3005130294787847,0.2847058532215081,0.5801800194611916,0.4907967403745479,0.5089852034831218,0.4910147982321197
voyage,52,test_internal,0,2,6,0.1164423999562859,9.424615384615384,0.7756937495561746,0.2902580661273837,0.2682936281768175,0.5792349638388707,0.4919015728741241,0.5079860204844167,0.4920139777467405
voyage,52,test_internal,0,2,7,0.1164423999562859,9.424615384615384,0.8065987283449907,0.2915155831122183,0.28769428390723,0.5902241621567653,0.4790544871696465,0.5210109158492774,0.4789890855443563
voyage,52,test_internal,0,3,0,0.1164423999562859,9.424615384615384,0.7167432275185218,0.3414707510989638,0.2674904603310502,0.5809384455130651,0.4899100893371397,0.5107351343194357,0.4892648668329921
voyage,52,test_internal,0,3,1,0.1164423999562859,9.424615384615384,0.706017586176212,0.3084988129075791,0.2376632155907841,0.5806559861623324,0.4902403008916395,0.5103028164707499,0.4896971833684461
voyage,52,test_internal,0,3,2,0.1164423999562859,9.424615384615384,0.7202968825743749,0.2962132311924685,0.1937055384768889,0.5930112172548587,0.4757962387671574,0.524218887626696,0.4757811108188663
voyage,52,test_internal,0,3,3,0.1164423999562859,9.424615384615384,0.7011833763122559,0.3209017924550489,0.2794716478726611,0.5899238027976109,0.4794056253145924,0.5213077605949888,0.4786922408254455
voyage,52,test_internal,0,3,4,0.1164423999562859,9.424615384615384,0.7363962277999291,0.3363691401789676,0.2748343043860334,0.5856295798375056,0.4844258499981688,0.5157362892151737,0.4842637097128003
voyage,52,test_internal,0,3,5,0.1164423999562859,9.424615384615384,0.7363718956250411,0.3201331992670442,0.2784236372749393,0.5833842355012894,0.4870508051068662,0.5134856792019425,0.4865143179571886
voyage,52,test_internal,0,3,6,0.1164423999562859,9.424615384615384,0.6849880396402799,0.3030867919909308,0.2003268375677558,0.5742186149725548,0.4977660083727871,0.5017511972206102,0.4982488018145664
voyage,52,test_internal,0,3,7,0.1164423999562859,9.424615384615384,0.698988991517287,0.3211461191150542,0.2540819628894902,0.587935119500527,0.4817305248525503,0.5198711619424305,0.4801288379771675
voyage,52,test_internal,1,0,0,0.907246853948596,13.005405405405403,0.8193737034862106,0.2998860689107795,0.228672361021509,0.5703749235115341,0.4883603024913052,0.5114946956653291,0.4885053040657175
voyage,52,test_internal,1,0,1,0.907246853948596,13.005405405405403,0.869258825682305,0.3050248119491235,0.3865596953074674,0.5648789860761246,0.4946076056924284,0.5052630294474864,0.4947369717141633
voyage,52,test_internal,1,0,2,0.907246853948596,13.005405405405403,0.8514829741941916,0.3055802984956798,0.4370959366898279,0.5621007415591865,0.4977656721885669,0.5020686143382629,0.4979313866517144
voyage,52,test_internal,1,0,3,0.907246853948596,13.005405405405403,0.8679138111101614,0.3068632342970319,0.4074436964416826,0.5703057296624457,0.4884389562220434,0.5114214051280245,0.48857859376755
voyage,52,test_internal,1,0,4,0.907246853948596,13.005405405405403,0.8557195022299483,0.3076200491221441,0.3172270530079668,0.5842293148910677,0.4726118391376853,0.527207201137887,0.4727927988392233
voyage,52,test_internal,1,0,5,0.907246853948596,13.005405405405403,0.8734945283548252,0.324572394081642,0.4167606394435908,0.5664420330242531,0.4928308704527475,0.5072228229288498,0.4927771767163606
voyage,52,test_internal,1,0,6,0.907246853948596,13.005405405405403,0.8432528636745504,0.3039072462650348,0.4436292755039963,0.5649128548322698,0.4945691043193439,0.5053419299572477,0.4946580709812279
voyage,52,test_internal,1,0,7,0.907246853948596,13.005405405405403,0.8569119966513402,0.3050391257647577,0.3794991751579014,0.5648803500659966,0.4946060521719825,0.5053005634582446,0.4946994351855437
voyage,52,test_internal,1,1,0,0.907246853948596,13.005405405405403,0.6265262590066807,0.3390364943728576,0.1619473137527805,0.5680072161796931,0.4910517012651798,0.5084652905502627,0.4915347096557441
voyage,52,test_internal,1,1,1,0.907246853948596,13.005405405405403,0.8073093219383343,0.2887748905498054,0.3401014742416304,0.5644250830484403,0.4951235657921218,0.5045336528971631,0.4954663492659086
voyage,52,test_internal,1,1,2,0.907246853948596,13.005405405405403,0.7983495275716523,0.2991855528700204,0.3432161544424456,0.5664664413654119,0.4928031229112188,0.5069638167074474,0.493036185770357
voyage,52,test_internal,1,1,3,0.907246853948596,13.005405405405403,0.8531685606853382,0.2674916292970086,0.3307592066357264,0.5677807527418072,0.491309128690242,0.5077646653956166,0.4922353327274322
voyage,52,test_internal,1,1,4,0.907246853948596,13.005405405405403,0.8187374748088218,0.2434465628787045,0.3516861776544435,0.5727562312942904,0.485653437319256,0.5129021021742058,0.4870978993479557
voyage,52,test_internal,1,1,5,0.907246853948596,13.005405405405403,0.7631513674516935,0.3566363877441096,0.1985809581756994,0.5702288124206903,0.4885263883618898,0.5111048430227281,0.4888951565538134
voyage,52,test_internal,1,1,6,0.907246853948596,13.005405405405403,0.8460377491809227,0.2813425902060509,0.3954089027804297,0.5630263464525342,0.4967135250019038,0.5029090819293819,0.4970909195470004
voyage,52,test_internal,1,1,7,0.907246853948596,13.005405405405403,0.8196226177988826,0.2778084908337001,0.242255005174996,0.5725436480061428,0.4858950837050348,0.5134955527870336,0.4865044459769253
voyage,52,test_internal,1,2,0,0.907246853948596,13.005405405405403,0.8480496031207008,0.3066300926537137,0.2773994958481273,0.5637378015127537,0.495904804512103,0.5045440408147974,0.495455960844702
voyage,52,test_internal,1,2,1,0.907246853948596,13.005405405405403,0.8209007946220604,0.2906739372634395,0.3498479245280897,0.5644521331263556,0.4950928162960779,0.5047497405869437,0.4952502598594044
voyage,52,test_internal,1,2,2,0.907246853948596,13.005405405405403,0.7640181783083323,0.3012466176302404,0.2009918978563635,0.5776150630031889,0.4801303447208463,0.5199782591994091,0.4800217407777012
voyage,52,test_internal,1,2,3,0.907246853948596,13.005405405405403,0.858309594280011,0.2788576751637344,0.3741041227973796,0.5665386239318428,0.492721071875956,0.5068659585043673,0.4931340419477032
voyage,52,test_internal,1,2,4,0.907246853948596,13.005405405405403,0.8240966746130505,0.2546683770880972,0.3612766956054681,0.5709358536915199,0.4877226862444123,0.5111573990634692,0.4888426011883168
voyage,52,test_internal,1,2,5,0.907246853948596,13.005405405405403,0.7923637813812977,0.3151158668725286,0.228678230065349,0.5648179117288138,0.4946770290350584,0.5047303120649996,0.4952696876317125
voyage,52,test_internal,1,2,6,0.907246853948596,13.005405405405403,0.8047900710556958,0.2944034144158384,0.2634610103090872,0.5628765553336691,0.4968837976409909,0.5030931645801173,0.4969068349048655
voyage,52,test_internal,1,2,7,0.907246853948596,13.005405405405403,0.8384863389504923,0.2907620835084562,0.2921795224015777,0.5727615899129493,0.4856473484667398,0.5140617649126712,0.4859382354535632
voyage,52,test_internal,1,3,0,0.907246853948596,13.005405405405403,0.7541897932017172,0.3257925667810415,0.422481177646566,0.552757059684577,0.5083867523550255,0.4938077958223457,0.5061922024609307
voyage,52,test_internal,1,3,1,0.907246853948596,13.005405405405403,0.8415455206825927,0.3253480768441101,0.419285160736055,0.5592903524586881,0.5009602742718845,0.4998148980045465,0.5001851046735424
voyage,52,test_internal,1,3,2,0.907246853948596,13.005405405405403,0.7890175833089932,0.2960987644064268,0.2080219055148395,0.5773755175741138,0.4804026357222995,0.5200180913652143,0.4799819087377891
voyage,52,test_internal,1,3,3,0.907246853948596,13.005405405405403,0.7528273832959098,0.3340101833519171,0.524428389171088,0.5532611427098714,0.5078137537118294,0.4944471044897942,0.50555289556743
voyage,52,test_internal,1,3,4,0.907246853948596,13.005405405405403,0.7850544282713452,0.32900785656844,0.4257817731817832,0.5585391844798987,0.5018141387908872,0.4993189085681226,0.5006810905677932
voyage,52,test_internal,1,3,5,0.907246853948596,13.005405405405403,0.7372722773133098,0.315549244830753,0.4024453223053668,0.5546332650440368,0.5062540466975872,0.4948487310955006,0.5051512693823208
voyage,52,test_internal,1,3,6,0.907246853948596,13.005405405405403,0.6728309185923756,0.3398064480384437,0.1674860143127876,0.5581029062536923,0.5023100597243155,0.4978050938857499,0.5021949037337267
voyage,52,test_internal,1,3,7,0.907246853948596,13.005405405405403,0.7547400218409461,0.3153821797797712,0.4315203792239363,0.5530366367710805,0.5080689524347606,0.4934514178257841,0.5065485825747846
voyage,42,test_internal,0,0,0,0.0647145184297831,9.424615384615384,0.770123922091264,0.3169397023310761,0.5340528065653948,0.5839090345914547,0.4864372825451034,0.5138625384663507,0.4861374619624597
voyage,42,test_internal,0,0,1,0.0647145184297831,9.424615384615384,0.8346695694556603,0.3065186061324353,0.4716981516893093,0.5810793429154616,0.489745372115708,0.5098078909108965,0.4901921100003256
voyage,42,test_internal,0,0,2,0.0647145184297831,9.424615384615384,0.8288712761952327,0.3093030279115852,0.4469722710435207,0.5819002213844886,0.4887857074789006,0.5115456810529283,0.4884543176606404
voyage,42,test_internal,0,0,3,0.0647145184297831,9.424615384615384,0.7896724258019374,0.325218974311492,0.525869799737747,0.5746438684371802,0.4972688590290306,0.5031628124683881,0.4968371874512099
voyage,42,test_internal,0,0,4,0.0647145184297831,9.424615384615384,0.7836367958325606,0.3076167714110793,0.5128595595176403,0.5846053192248711,0.4856232772413775,0.5142397057774256,0.4857602918909179
voyage,42,test_internal,0,0,5,0.0647145184297831,9.424615384615384,0.8278503218980936,0.3066262092089333,0.300421929359436,0.5972848239311805,0.4708001188022627,0.528647025819305,0.471352973644682
voyage,42,test_internal,0,0,6,0.0647145184297831,9.424615384615384,0.8308924315525935,0.2991324751217755,0.2904326313390181,0.5929760101666818,0.4758373975432176,0.524133359731959,0.4758666404288449
voyage,42,test_internal,0,0,7,0.0647145184297831,9.424615384615384,0.8037787394340221,0.2911604588122249,0.3385515688588986,0.5836682172921988,0.4867188119523817,0.513208160994293,0.4867918399169291
voyage,42,test_internal,0,1,0,0.0647145184297831,9.424615384615384,0.8345493616507603,0.3044172362322397,0.3469814583888421,0.58532697728047,0.4847796117123082,0.5155768084654705,0.4844231928209607
voyage,42,test_internal,0,1,1,0.0647145184297831,9.424615384615384,0.8202713284125694,0.2625835254024308,0.2934682447291337,0.5833574721446404,0.4870820919172369,0.5119733709654362,0.4880266275337274
voyage,42,test_internal,0,1,2,0.0647145184297831,9.424615384615384,0.8095019906300764,0.2761969924324603,0.3262515287101268,0.5815397175458762,0.4892071646323307,0.5108871523746483,0.4891128451596919
voyage,42,test_internal,0,1,3,0.0647145184297831,9.424615384615384,0.7440441792744856,0.2998214570774806,0.2032520973137938,0.5913317046257166,0.4777596993840856,0.5210726319028319,0.4789273686867824
voyage,42,test_internal,0,1,4,0.0647145184297831,9.424615384615384,0.8148319643277389,0.3054010611107498,0.4275280394347814,0.5869798403061354,0.4828473102274558,0.5159402264536713,0.4840597719382897
voyage,42,test_internal,0,1,5,0.0647145184297831,9.424615384615384,0.7633413301981412,0.2780214717426827,0.2476033752354292,0.5878836252139165,0.4817907254365708,0.5165736564307761,0.4834263442660407
voyage,42,test_internal,0,1,6,0.0647145184297831,9.424615384615384,0.7810172620186439,0.2865787257709685,0.2484562076972081,0.5911274626621833,0.4779984706061349,0.5215898356098922,0.4784101634788856
voyage,42,test_internal,0,1,7,0.0647145184297831,9.424615384615384,0.7762887744720166,0.3163702244126542,0.2263358880923344,0.5889600748282212,0.4805322861392721,0.5176892477295382,0.4823107533424878
voyage,42,test_internal,0,2,0,0.0647145184297831,9.424615384615384,0.8191411006450653,0.3077161513781499,0.3174528071742791,0.5928916012323819,0.4759360797328057,0.524792985682436,0.4752070148535769
voyage,42,test_internal,0,2,1,0.0647145184297831,9.424615384615384,0.8201747244137984,0.2525931432989267,0.3292069761340435,0.5821860146064025,0.4884516025404278,0.510198626372454,0.4898013721267096
voyage,42,test_internal,0,2,2,0.0647145184297831,9.424615384615384,0.8383717259076925,0.2905450614975517,0.3171607300066031,0.5853069147238364,0.484803067694465,0.5155347213149071,0.4844652757906227
voyage,42,test_internal,0,2,3,0.0647145184297831,9.424615384615384,0.7521768944997054,0.3037043320309447,0.2201085348599232,0.592382083443495,0.4765317369815257,0.523118273656574,0.4768817238241648
voyage,42,test_internal,0,2,4,0.0647145184297831,9.424615384615384,0.834974445104599,0.2750169543878947,0.3394143164845613,0.59144578566918,0.4776263299177019,0.5196116806255827,0.4803883199640315
voyage,42,test_internal,0,2,5,0.0647145184297831,9.424615384615384,0.8269681663696582,0.2805491301558044,0.327744353127021,0.5836721513821529,0.4867142134969183,0.5109136733326981,0.4890863217895837
voyage,42,test_internal,0,2,6,0.0647145184297831,9.424615384615384,0.7937410284005678,0.286054021683788,0.2684414454950736,0.5904591205486884,0.4787798060251654,0.5207501727578451,0.4792498280997757
voyage,42,test_internal,0,2,7,0.0647145184297831,9.424615384615384,0.8008396518230438,0.2862080815907458,0.2593021342616814,0.5836977589130402,0.4866842717575512,0.5110120378273855,0.4889879629230327
voyage,42,test_internal,0,3,0,0.0647145184297831,9.424615384615384,0.7584014949431787,0.3464245633693289,0.3593212314007374,0.5838351412002857,0.4865236687306449,0.5150069253478976,0.4849930767693536
voyage,42,test_internal,0,3,1,0.0647145184297831,9.424615384615384,0.7541567728152642,0.3190793030759563,0.3078940499287385,0.5805326203658031,0.4903845256395477,0.5105480614433185,0.4894519374042535
voyage,42,test_internal,0,3,2,0.0647145184297831,9.424615384615384,0.7104387382360605,0.3328017560743431,0.2311057782431061,0.5895957366319803,0.4797891559575101,0.5209904420290062,0.4790095566309613
voyage,42,test_internal,0,3,3,0.0647145184297831,9.424615384615384,0.6541207657410548,0.3495385443536876,0.1989120465946885,0.5928558133198665,0.4759779177445302,0.5254036040722038,0.4745963966782144
voyage,42,test_internal,0,3,4,0.0647145184297831,9.424615384615384,0.6504489647425138,0.2923210823170742,0.2042094149433363,0.5854498071853931,0.484636018334104,0.5148301106348312,0.4851698910804103
voyage,42,test_internal,0,3,5,0.0647145184297831,9.424615384615384,0.7118685388565064,0.2976478034108002,0.281888590515233,0.5794560019328044,0.4916431641728758,0.5074170595235962,0.4925829421380441
voyage,42,test_internal,0,3,6,0.0647145184297831,9.424615384615384,0.6448230787423941,0.3070151248525474,0.199687411903332,0.5903685627075342,0.4788856718072788,0.5219975439764613,0.4780024562915452
voyage,42,test_internal,0,3,7,0.0647145184297831,9.424615384615384,0.6303648278346429,0.3569185797639652,0.258072356990037,0.5782459082053257,0.4930578404300504,0.5075246669191251,0.4924753341663012
voyage,42,test_internal,1,0,0,0.930811998277676,13.005405405405403,0.8061245590448379,0.3032726602599571,0.4180199479331841,0.5698680015029134,0.488936526961224,0.5111748103979409,0.4888251891013481
voyage,42,test_internal,1,0,1,0.930811998277676,13.005405405405403,0.8577162517083657,0.3084433024015856,0.4575099284181724,0.5665171505581286,0.4927454837547835,0.5071152920695952,0.4928847077987893
voyage,42,test_internal,1,0,2,0.930811998277676,13.005405405405403,0.8583038155291531,0.3077371390630437,0.403630071415289,0.5681284822674619,0.4909138597559452,0.5092502042948742,0.4907497974447391
voyage,42,test_internal,1,0,3,0.930811998277676,13.005405405405403,0.8267090461544089,0.3113682732108133,0.4258632971426925,0.5627385655065646,0.4970406498960269,0.503067656561801,0.4969323445941263
voyage,42,test_internal,1,0,4,0.930811998277676,13.005405405405403,0.8217917994872944,0.2954916775479164,0.3978774223778699,0.5669263217774396,0.4922803717274819,0.5076343195853374,0.4923656784833484
voyage,42,test_internal,1,0,5,0.930811998277676,13.005405405405403,0.8574680127002098,0.3109721994008053,0.2943332924432045,0.5843546276156967,0.4724693930551936,0.5271796383158219,0.4728203624624261
voyage,42,test_internal,1,0,6,0.930811998277676,13.005405405405403,0.8557252983789186,0.3023890612038021,0.2805920866896977,0.5797194950584624,0.4777382077068411,0.5222134900875904,0.4777865083444686
voyage,42,test_internal,1,0,7,0.930811998277676,13.005405405405403,0.8321478703537503,0.2903659439820001,0.281883578636759,0.5664086761305461,0.4928687838594301,0.5069593260616934,0.4930406747051098
voyage,42,test_internal,1,1,0,0.930811998277676,13.005405405405403,0.8463146076814548,0.3030927241384621,0.2821172145069451,0.570420356890237,0.4883086592783027,0.5117543495493367,0.4882456512403561
voyage,42,test_internal,1,1,1,0.930811998277676,13.005405405405403,0.8456707339029055,0.2729430226609907,0.2862885304802173,0.5681889502180589,0.4908451257579704,0.508420246594604,0.4915797536457372
voyage,42,test_internal,1,1,2,0.930811998277676,13.005405405405403,0.8333833407711339,0.2858081375078619,0.2938091523542597,0.5655646032829945,0.4938282566502713,0.5062895405482495,0.4937104594002487
voyage,42,test_internal,1,1,3,0.930811998277676,13.005405405405403,0.7505131345342946,0.3067919734700573,0.1874972815637955,0.5763422295249797,0.4815771899281925,0.5178162926398847,0.4821837068794327
voyage,42,test_internal,1,1,4,0.930811998277676,13.005405405405403,0.8401939931753519,0.2943095055672649,0.336654697066626,0.5701312076602433,0.4886373343738726,0.5106052388758978,0.4893947617936244
voyage,42,test_internal,1,1,5,0.930811998277676,13.005405405405403,0.7909742366623234,0.2903052527382425,0.245082006079925,0.575032411495576,0.483066076232541,0.5154591367770267,0.4845408633374216
voyage,42,test_internal,1,1,6,0.930811998277676,13.005405405405403,0.8152632842192779,0.2856672989626543,0.2653102278205994,0.5744496123915589,0.4837285531098209,0.5158707657557112,0.484129233706382
voyage,42,test_internal,1,1,7,0.930811998277676,13.005405405405403,0.7873341050502416,0.3162009699652811,0.2062173283784776,0.5727896529879118,0.4856154472551404,0.5126422853445127,0.4873577140260219
voyage,42,test_internal,1,2,0,0.930811998277676,13.005405405405403,0.8409271190295349,0.3070660450656027,0.2909463946279642,0.5763337148202432,0.4815868669620124,0.5188152535994481,0.4811847449356143
voyage,42,test_internal,1,2,1,0.930811998277676,13.005405405405403,0.858096134743175,0.2716144385773664,0.353505149805868,0.5666738833728674,0.4925673230910264,0.5065296273421033,0.493470372966907
voyage,42,test_internal,1,2,2,0.930811998277676,13.005405405405403,0.8588752707919559,0.2899867737432333,0.3001612414580745,0.5682985515610591,0.4907205385683868,0.5095043926057727,0.4904956060666276
voyage,42,test_internal,1,2,3,0.930811998277676,13.005405405405403,0.787178941514041,0.3044759860451179,0.2282501377215659,0.5764280369555628,0.4814796550757325,0.5188561023746584,0.4811438996854099
voyage,42,test_internal,1,2,4,0.930811998277676,13.005405405405403,0.8567940840850006,0.272716869713686,0.335315803035691,0.5767559004997885,0.4811069658412362,0.5170912871712364,0.4829087107686952
voyage,42,test_internal,1,2,5,0.930811998277676,13.005405405405403,0.8473851089541976,0.2944705762626798,0.3141855523191594,0.56918782187072,0.4897096943104505,0.508645801717693,0.4913542022078817
voyage,42,test_internal,1,2,6,0.930811998277676,13.005405405405403,0.8410932028615797,0.2867538060201143,0.3136787652264575,0.5718545912186036,0.4866783426653954,0.5131119241774906,0.4868880759827369
voyage,42,test_internal,1,2,7,0.930811998277676,13.005405405405403,0.8441016551610586,0.2868007320784906,0.2746483415667269,0.5667153689104157,0.4925201627241302,0.5054921825429262,0.4945078177660841
voyage,42,test_internal,1,3,0,0.930811998277676,13.005405405405403,0.6725286266690976,0.3353015883589746,0.486509079153876,0.5530704409903469,0.5080305243600531,0.4936249630308256,0.5063750360521578
voyage,42,test_internal,1,3,1,0.930811998277676,13.005405405405403,0.7850922934106879,0.3463368976931996,0.5431128247766881,0.5595612846642128,0.5006523025658457,0.5010041689840696,0.4989958289444172
voyage,42,test_internal,1,3,2,0.930811998277676,13.005405405405403,0.8356686128957852,0.3344806190691475,0.4257314085054236,0.5636335678902027,0.4960232877420024,0.5054055545851016,0.4945944448998813
voyage,42,test_internal,1,3,3,0.930811998277676,13.005405405405403,0.7773970777923996,0.3508685737699358,0.3510279439641414,0.5785617324750165,0.4790542502465519,0.5225186424870645,0.4774813549950741
voyage,42,test_internal,1,3,4,0.930811998277676,13.005405405405403,0.7943339461410368,0.3244416984518488,0.4122388405700189,0.5705768057925475,0.4881308195960869,0.5118910859234506,0.4881089127146154
voyage,42,test_internal,1,3,5,0.930811998277676,13.005405405405403,0.8341969876675992,0.3419601336590335,0.4181830922192013,0.5688469371078788,0.4900971816798325,0.5088924544587297,0.4911075447286878
voyage,42,test_internal,1,3,6,0.930811998277676,13.005405405405403,0.8223282093131864,0.3298704431871984,0.4331575446787315,0.5631632495470144,0.4965579076662957,0.5045232493974006,0.495476748971712
voyage,42,test_internal,1,3,7,0.930811998277676,13.005405405405403,0.6054914923938545,0.316640019282312,0.4264440629983673,0.5514236832377375,0.5099024199601692,0.4918553021417418,0.5081446976422371
voyage,42,validation,0,0,0,0.0429561510370112,14.748,0.9223352887034416,0.3401424803063251,0.2921914485543966,0.4913070695698261,0.5086929308474064,0.4914428085982799,0.5085571902990341
voyage,42,validation,0,0,1,0.0429561510370112,14.748,0.975883691906929,0.3505251158837937,0.3651811883151531,0.4836682655215263,0.5163317350745201,0.4831197449862957,0.516880257487297
voyage,42,validation,0,0,2,0.0429561510370112,14.748,0.9769235160946846,0.3512312062136466,0.309983937472105,0.4880319949388504,0.5119680054485798,0.4881424483656883,0.5118575526475906
voyage,42,validation,0,0,3,0.0429561510370112,14.748,0.9427654929757118,0.3505900480287501,0.3095497937053442,0.4865051670372486,0.5134948343038559,0.4867954816520214,0.5132045179307461
voyage,42,validation,0,0,4,0.0429561510370112,14.748,0.9366979721784592,0.3335115658119969,0.2926574002355337,0.4878899279236793,0.5121100726425648,0.4878708813488483,0.5121291171610355
voyage,42,validation,0,0,5,0.0429561510370112,14.748,0.9701388028264044,0.3543376374568665,0.176694042161107,0.5267217624783516,0.4732782357931137,0.5262090513706207,0.4737909498512745
voyage,42,validation,0,0,6,0.0429561510370112,14.748,0.9695657537579536,0.3439637904481814,0.1678518540263176,0.5214362469911575,0.4785637530386448,0.5213510704636574,0.4786489279270172
voyage,42,validation,0,0,7,0.0429561510370112,14.748,0.941505273103714,0.3290785965511658,0.1741682057008147,0.4967270278930664,0.5032729728221893,0.4965509415268898,0.5034490571916104
voyage,42,validation,0,1,0,0.0429561510370112,14.748,0.95959273904562,0.3431716586178405,0.1542927943468094,0.5097359621822835,0.4902640372514725,0.5104404326975346,0.4895595668852329
voyage,42,validation,0,1,1,0.0429561510370112,14.748,0.9553417938947678,0.3125368396514638,0.1637015469074249,0.5116668149828911,0.4883331842422485,0.5108880375623703,0.4891119610369205
voyage,42,validation,0,1,2,0.0429561510370112,14.748,0.943502893805504,0.3272399430749553,0.1811166571676731,0.4953564441204071,0.5046435565948486,0.4953978750109672,0.504602125287056
voyage,42,validation,0,1,3,0.0429561510370112,14.748,0.8416371088624001,0.3532317463355552,0.0707161416132003,0.534061907529831,0.465938090711832,0.5327511614561081,0.467248837351799
voyage,42,validation,0,1,4,0.0429561510370112,14.748,0.9558486866950988,0.3334064642355969,0.2279153825268149,0.502936273008585,0.4970637263059616,0.5027064498662949,0.4972935466170311
voyage,42,validation,0,1,5,0.0429561510370112,14.748,0.8854669676423073,0.3339221531040658,0.1134119759202003,0.5179359885752202,0.4820640091300011,0.5167171110212803,0.4832828886508941
voyage,42,validation,0,1,6,0.0429561510370112,14.748,0.913791385114193,0.3278334083220497,0.1407578989937901,0.5210272524952888,0.4789727473556995,0.5207188357114791,0.4792811627089977
voyage,42,validation,0,1,7,0.0429561510370112,14.748,0.8856093040704727,0.3573866647569129,0.0914423424247652,0.5229288987517356,0.4770711026489734,0.5210057344138622,0.4789942673146725
voyage,42,validation,0,2,0,0.0429561510370112,14.748,0.9290728459954262,0.3508902863255862,0.1194463611356914,0.5307296994328499,0.4692703000605106,0.5315739275217056,0.4684260734319687
voyage,42,validation,0,2,1,0.0429561510370112,14.748,0.9558390348553656,0.3050914830182575,0.1929745343774557,0.5053228869438171,0.4946771124601364,0.5046845389902592,0.4953154610991478
voyage,42,validation,0,2,2,0.0429561510370112,14.748,0.965807828426361,0.3311151616109745,0.1574759361892938,0.5073423418998718,0.4926576600968838,0.50731544688344,0.4926845524013042
voyage,42,validation,0,2,3,0.0429561510370112,14.748,0.8626401023864746,0.3551642933768571,0.1030057707075029,0.5355775678753852,0.464422434002161,0.5350358939170837,0.4649641059339046
voyage,42,validation,0,2,4,0.0429561510370112,14.748,0.9678654024004936,0.3094783202830442,0.2196293164491653,0.5145535347163677,0.4854464656114578,0.5128399351239205,0.4871600647866726
voyage,42,validation,0,2,5,0.0429561510370112,14.748,0.9396082963347436,0.3352463806668526,0.1463555838242173,0.5086802269220352,0.4913197700381279,0.5073250890076161,0.4926749100983142
voyage,42,validation,0,2,6,0.0429561510370112,14.748,0.9158160828351974,0.3347967306781166,0.15203731585294,0.519415922820568,0.4805840767920017,0.5191213564276695,0.480878642886877
voyage,42,validation,0,2,7,0.0429561510370112,14.748,0.9150417876839638,0.3283939794636266,0.1133053736761212,0.5148425714671612,0.4851574283838272,0.5132044568359851,0.4867955450415611
voyage,42,validation,0,3,0,0.0429561510370112,14.748,0.7968244156837463,0.3872365121220658,0.0731793742738664,0.5176844204366207,0.4823155772089958,0.5193120352327824,0.4806879650354385
voyage,42,validation,0,3,1,0.0429561510370112,14.748,0.7694055088162423,0.3654024078562612,0.0760325905401259,0.5073115899860859,0.4926884113550186,0.5085819279849529,0.4914180727303028
voyage,42,validation,0,3,2,0.0429561510370112,14.748,0.7494760849475861,0.3830944572265333,0.0569560919366776,0.5246973094940186,0.4753026894629001,0.5256346644163131,0.4743653356134891
voyage,42,validation,0,3,3,0.0429561510370112,14.748,0.7582961140275002,0.4065430118774581,0.109080585854128,0.5337296431660652,0.4662703570723533,0.5355923674702644,0.4644076334834098
voyage,42,validation,0,3,4,0.0429561510370112,14.748,0.7080821215510368,0.3524528409770322,0.0593130107456818,0.5145578984320164,0.4854421008825302,0.5150635857880116,0.4849364146292209
voyage,42,validation,0,3,5,0.0429561510370112,14.748,0.7389365418553352,0.341335828719411,0.0851286083683371,0.4960697694122791,0.5039302310347558,0.4955726364254951,0.5044273621737957
voyage,42,validation,0,3,6,0.0429561510370112,14.748,0.6780541966557503,0.3672662984974458,0.0509041197663173,0.5272916085422039,0.4727083967924118,0.5276906401515007,0.4723093620240688
voyage,42,validation,0,3,7,0.0429561510370112,14.748,0.5996913848221302,0.4045105663642472,0.0227938956157304,0.5083845285177231,0.4916154705584049,0.5091312527954578,0.4908687463402748
voyage,42,validation,1,0,0,0.9489942476916384,92.26506024096386,0.9762125841106276,0.3357883026502989,0.2135298112070704,0.3327980140262904,0.6672019743257098,0.3332414662646543,0.7109230695718742
voyage,42,validation,1,0,1,0.9489942476916384,92.26506024096386,0.9903720186417362,0.3367624422203867,0.2730585329503898,0.3286583674683546,0.6713416336311234,0.328850414746234,0.7147321812359684
voyage,42,validation,1,0,2,0.9489942476916384,92.26506024096386,0.9943232859473632,0.3369367253244878,0.2256639071975845,0.3306512429585887,0.6693487444685565,0.3310987279401161,0.7127818188753473
voyage,42,validation,1,0,3,0.9489942476916384,92.26506024096386,0.9905566199716316,0.3322493984399765,0.2239690647426858,0.3272529369116657,0.6727470540338092,0.3273728312536453,0.7160139342388475
voyage,42,validation,1,0,4,0.9489942476916384,92.26506024096386,0.9813540233186928,0.3320402349978259,0.1878400836364332,0.3303210762937346,0.6696789330906339,0.3305756457525098,0.7132355875997658
voyage,42,validation,1,0,5,0.9489942476916384,92.26506024096386,0.9853546763040932,0.335359440044014,0.1979950768760888,0.3465652092903231,0.6534347948100832,0.344066459685564,0.7015327039253281
voyage,42,validation,1,0,6,0.9489942476916384,92.26506024096386,0.9895640891718576,0.3300038215746408,0.1891804046659584,0.3428167372282284,0.6571832626230187,0.3410554949465829,0.7041446369096457
voyage,42,validation,1,0,7,0.9489942476916384,92.26506024096386,0.985136232462274,0.333501517882907,0.2027982959905302,0.3341133566831963,0.6658866442739964,0.3341301246287508,0.7101521790027618
voyage,42,validation,1,1,0,0.9489942476916384,92.26506024096386,0.9733093876436532,0.3471266630877117,0.2519069145242852,0.3356910868185676,0.6643089142938455,0.3360100480171645,0.7085214102842722
voyage,42,validation,1,1,1,0.9489942476916384,92.26506024096386,0.9808703431163924,0.3604399174878714,0.211414124592241,0.3389583151761649,0.6610416865183247,0.3354147256015696,0.7090378274400551
voyage,42,validation,1,1,2,0.9489942476916384,92.26506024096386,0.9874727323830846,0.3483822628964199,0.2664064431046865,0.3328295157924812,0.6671704798936844,0.3324590554305662,0.7116017776081361
voyage,42,validation,1,1,3,0.9489942476916384,92.26506024096386,0.9636549755751368,0.334849859101638,0.1923820893448519,0.3451888716986609,0.654811126490434,0.3387435693681861,0.7061501554695957
voyage,42,validation,1,1,4,0.9489942476916384,92.26506024096386,0.9783428052821792,0.3301142744257123,0.2035538390817412,0.3299920449499041,0.6700079689423243,0.3305419115479001,0.7132648498897093
voyage,42,validation,1,1,5,0.9489942476916384,92.26506024096386,0.9642801449959536,0.3136668604660848,0.1727324592241321,0.3469497569474495,0.6530502488215765,0.3392841491149738,0.7056812166449535
voyage,42,validation,1,1,6,0.9489942476916384,92.26506024096386,0.9769389758627098,0.3083904992936598,0.1789069488106003,0.3448370707273069,0.6551629209684001,0.3393951630245687,0.7055849260594471
voyage,42,validation,1,1,7,0.9489942476916384,92.26506024096386,0.9795925552586476,0.3244642885904686,0.2154371320124132,0.3377887791074399,0.662211230231656,0.3371970185414991,0.7074917454317392
voyage,42,validation,1,2,0,0.9489942476916384,92.26506024096386,0.9724165237093546,0.354420859389056,0.2839034776012581,0.339565087070999,0.6604349037839307,0.3377081864940313,0.7070483170359968
voyage,42,validation,1,2,1,0.9489942476916384,92.26506024096386,0.9822428729160724,0.3625190453842133,0.2231301467820822,0.3373971699685272,0.66260282902254,0.334419522421538,0.7099011432693665
voyage,42,validation,1,2,2,0.9489942476916384,92.26506024096386,0.985490011881633,0.3573654196544665,0.2496579711336687,0.3358478646647806,0.6641521271732118,0.3354769492677102,0.7089838475348001
voyage,42,validation,1,2,3,0.9489942476916384,92.26506024096386,0.9783498637647514,0.342306775460204,0.2205237446420164,0.3409578040009364,0.6590421969691912,0.3366967428398008,0.7079257171556174
voyage,42,validation,1,2,4,0.9489942476916384,92.26506024096386,0.9785761000162148,0.3276797233719809,0.2139166460697909,0.3357888652115232,0.6642111353576183,0.3339242253568955,0.7103307897067932
voyage,42,validation,1,2,5,0.9489942476916384,92.26506024096386,0.97554901924478,0.3176276559165521,0.176400770983064,0.3362714639709641,0.6637285355892446,0.3344033067502702,0.7099151973982891
voyage,42,validation,1,2,6,0.9489942476916384,92.26506024096386,0.9845105732779904,0.3106120756487538,0.1957030082682529,0.3410085610230453,0.6589914382331901,0.3368884025775414,0.7077594489218241
voyage,42,validation,1,2,7,0.9489942476916384,92.26506024096386,0.9859530243528896,0.3316279141805498,0.2392911742250603,0.3377102952864435,0.6622897113362948,0.3357395400267301,0.7087560504315847
voyage,42,validation,1,3,0,0.9489942476916384,92.26506024096386,0.971704435635762,0.3489203769751906,0.2954511963818447,0.3320345409253302,0.6679654618104299,0.3348823168198578,0.7094996758254177
voyage,42,validation,1,3,1,0.9489942476916384,92.26506024096386,0.9870905962335058,0.3526155187578557,0.2383758449051753,0.3318896400418857,0.6681103565626674,0.3340056355033691,0.7102601740015558
voyage,42,validation,1,3,2,0.9489942476916384,92.26506024096386,0.977482660707221,0.3666559415392497,0.245081342307918,0.3372011243611471,0.6627988695270486,0.3390113264451631,0.7059178855045732
voyage,42,validation,1,3,3,0.9489942476916384,92.26506024096386,0.9832918112536512,0.3394439634842047,0.2319183515676532,0.338328980633782,0.6616710209184222,0.3381832149267817,0.7066362489418812
voyage,42,validation,1,3,4,0.9489942476916384,92.26506024096386,0.9718236118914132,0.3299810734264284,0.2302456746797963,0.3369876762088906,0.6630123294889927,0.3376255923455271,0.7071199704365558
voyage,42,validation,1,3,5,0.9489942476916384,92.26506024096386,0.9746062734040868,0.320204157870228,0.1800472330616181,0.328811203136057,0.671188797801733,0.3307513991797653,0.7130831271769053
voyage,42,validation,1,3,6,0.9489942476916384,92.26506024096386,0.9853761914264724,0.311667264739936,0.2158156847020229,0.3357958443165343,0.6642041607863374,0.3365718939134644,0.7080340213086231
voyage,42,validation,1,3,7,0.9489942476916384,92.26506024096386,0.97174302928419,0.3320557203877842,0.2515673113156514,0.3319956548390716,0.6680043418374326,0.3345295934575713,0.70980566129627
openai,62,validation,0,0,0,0.0786332776665512,14.748,0.9636515555381776,0.3341184044144706,0.1761199678108096,0.5126353681087494,0.4873646323978901,0.5123632626831531,0.4876367377340793
openai,62,validation,0,0,1,0.0786332776665512,14.748,0.8812997520565987,0.3263860380119915,0.1813179274275899,0.5035795418024063,0.4964204565286636,0.503444084584713,0.4965559167563915
openai,62,validation,0,0,2,0.0786332776665512,14.748,0.9252685943245887,0.3348945062399318,0.0955161350257694,0.5192818903625012,0.4807181114256382,0.5186473063230514,0.4813526937365532
openai,62,validation,0,0,3,0.0786332776665512,14.748,0.9636245223879816,0.3713419879851637,0.2737977797985076,0.4850229957103729,0.5149770043492318,0.4855269623994827,0.5144730368852616
openai,62,validation,0,0,4,0.0786332776665512,14.748,0.9164478623270988,0.3177880585889286,0.1952774673998356,0.4975521633923053,0.5024478352367878,0.4972634824514389,0.5027365180850029
openai,62,validation,0,0,5,0.0786332776665512,14.748,0.9641114877462388,0.3418292002719324,0.241734913393855,0.4923872115314007,0.5076127890646458,0.4923491401970386,0.5076508564651012
openai,62,validation,0,0,6,0.0786332776665512,14.748,0.969916532278061,0.3342458241041449,0.1758322739079594,0.5147925654053688,0.485207432448864,0.5140734781622887,0.4859265207648277
openai,62,validation,0,0,7,0.0786332776665512,14.748,0.8761721161007882,0.3545308426832912,0.3881915834695101,0.4732285808324813,0.5267714193463325,0.4735626842081546,0.5264373163580894
openai,62,validation,0,1,0,0.0786332776665512,14.748,0.8832641040682793,0.3242075557442686,0.1254091358594596,0.5178307555317879,0.4821692444384098,0.5172119489908218,0.4827880506813526
openai,62,validation,0,1,1,0.0786332776665512,14.748,0.8541802878379822,0.3460424295754939,0.0822170322090387,0.5151826823353768,0.4848173189759254,0.5145674418210984,0.4854325588345528
openai,62,validation,0,1,2,0.0786332776665512,14.748,0.8414372236132622,0.3360980786468843,0.079063656348735,0.51713610252738,0.4828638979196548,0.5158119702339172,0.4841880306899547
openai,62,validation,0,1,3,0.0786332776665512,14.748,0.6858436305522919,0.4080257321318195,0.1023130843122489,0.5182430127263069,0.4817569839060306,0.5201297881603241,0.4798702121078968
openai,62,validation,0,1,4,0.0786332776665512,14.748,0.7046612041592598,0.4095562014244003,0.0353177847615443,0.5308175254464149,0.4691824734210968,0.5305980871915817,0.4694019130468368
openai,62,validation,0,1,5,0.0786332776665512,14.748,0.8531858690977097,0.2639337085888519,0.3124155323207378,0.4889304018318653,0.5110695975422859,0.4854289145469666,0.514571083188057
openai,62,validation,0,1,6,0.0786332776665512,14.748,0.871406632065773,0.3110778343896325,0.091343453336507,0.513976610660553,0.4860233877301216,0.5130712359547615,0.48692876547575
openai,62,validation,0,1,7,0.0786332776665512,14.748,0.8365948204994201,0.3083228557972152,0.0736786301741376,0.514676849603653,0.4853231517374515,0.5136835279166698,0.4863164711892604
openai,62,validation,0,2,0,0.0786332776665512,14.748,0.666551438510418,0.3943937463568168,0.0462689784220419,0.4745330700576305,0.5254669305682182,0.4726665565669536,0.5273334437012672
openai,62,validation,0,2,1,0.0786332776665512,14.748,0.5979371935427189,0.3882290461342628,0.0211471329766791,0.4771801048517227,0.5228198938071728,0.4767190101146698,0.5232809897065163
openai,62,validation,0,2,2,0.0786332776665512,14.748,0.6734790683984756,0.374885062020413,0.0651729259770363,0.5477665541172028,0.4522334459424019,0.5505342276990414,0.4494657724499702
openai,62,validation,0,2,3,0.0786332776665512,14.748,0.762879998922348,0.3262510738409926,0.0886992427241057,0.5071418413519859,0.4928581594824791,0.5055871474742889,0.4944128546714783
openai,62,validation,0,2,4,0.0786332776665512,14.748,0.775487283051014,0.3391327909491349,0.0635052892351523,0.5037160882949829,0.4962839139997959,0.5010999383926391,0.4989000580012798
openai,62,validation,0,2,5,0.0786332776665512,14.748,0.767309209883213,0.352219980792241,0.0798804336953908,0.5019250040054322,0.4980749953985214,0.501475188523531,0.4985248111784458
openai,62,validation,0,2,6,0.0786332776665512,14.748,0.6520412442088127,0.3740311899234809,0.0333602273021824,0.5416026993393898,0.4583973007798195,0.5462466601431369,0.4537533376514912
openai,62,validation,0,2,7,0.0786332776665512,14.748,0.6985508030653,0.3707911849714363,0.0300285478883888,0.5215754370689392,0.4784245615601539,0.5213247766196728,0.4786752232313156
openai,62,validation,1,0,0,0.9743471762546932,92.26506024096386,0.9825296445065234,0.347027014237447,0.2115342143070266,0.3412135655914123,0.658786430541012,0.3399217166588641,0.7051281437098261
openai,62,validation,1,0,1,0.9743471762546932,92.26506024096386,0.9693215791001376,0.3404028225456156,0.2129423259252525,0.3362677269097831,0.6637322695718871,0.3367185981607892,0.7079067632376429
openai,62,validation,1,0,2,0.9743471762546932,92.26506024096386,0.9790756666516685,0.3357942335780388,0.2266753721668059,0.3426924881318377,0.6573075109885799,0.3396541683210267,0.7053602391696838
openai,62,validation,1,0,3,0.9743471762546932,92.26506024096386,0.9618103532906038,0.3176726049379574,0.2638399633298437,0.3294502086678726,0.6705497975150744,0.3305291572501624,0.713275911937277
openai,62,validation,1,0,4,0.9743471762546932,92.26506024096386,0.9787998723696514,0.3390402543869235,0.2075573198766593,0.3340774975303147,0.6659224939843019,0.3335199800979656,0.7106814657349184
openai,62,validation,1,0,5,0.9743471762546932,92.26506024096386,0.9932377065520688,0.3441405832636201,0.2803639654653618,0.3307982856575917,0.66920171222753,0.331542960070591,0.7123964698199766
openai,62,validation,1,0,6,0.9743471762546932,92.26506024096386,0.9948227376822966,0.3328592108580735,0.2366930447429059,0.3396846290108644,0.6603153625296222,0.3373748962832097,0.7073374347514417
openai,62,validation,1,0,7,0.9743471762546932,92.26506024096386,0.9827247886772617,0.3364567717829244,0.3060798397265284,0.3268097506903966,0.6731902526484596,0.3272933418257808,0.7160828802959028
openai,62,validation,1,1,0,0.9743471762546932,92.26506024096386,0.9780787868672106,0.3445383933454822,0.2303383192384099,0.3456113137395328,0.6543886851933267,0.3373693192972698,0.7073422821171312
openai,62,validation,1,1,1,0.9743471762546932,92.26506024096386,0.969346491687269,0.3402942972476859,0.1962046274937779,0.3432416262092172,0.6567583820886083,0.3378765869161321,0.706902239696089
openai,62,validation,1,1,2,0.9743471762546932,92.26506024096386,0.976012392216418,0.3132518161748864,0.2600155483527356,0.3391159255083443,0.6608840769363774,0.3343249617998178,0.7099831678781164
openai,62,validation,1,1,3,0.9743471762546932,92.26506024096386,0.9319571428988354,0.2949989248413543,0.2199099668896341,0.3332790744639674,0.6667209267616272,0.3360796621159857,0.7084610049264977
openai,62,validation,1,1,4,0.9743471762546932,92.26506024096386,0.9392525158732772,0.335794136856684,0.2227471637797642,0.3427736846109231,0.6572263153890768,0.3456238723916208,0.7001817125871957
openai,62,validation,1,1,5,0.9743471762546932,92.26506024096386,0.9752931106521424,0.3265722187221907,0.2462270552494439,0.3400169050178697,0.6599831009904543,0.333624273008253,0.7105909891157265
openai,62,validation,1,1,6,0.9743471762546932,92.26506024096386,0.9824544543243316,0.3289507414284705,0.2202937382172389,0.3418130990855085,0.658186903844277,0.3354077426871906,0.7090438830565258
openai,62,validation,1,1,7,0.9743471762546932,92.26506024096386,0.9627360040882984,0.3280993373489698,0.2692441484296178,0.348827457249475,0.6511725551552243,0.3390807470035118,0.7058576657829514
openai,62,validation,1,2,0,0.9743471762546932,92.26506024096386,0.9645636957812022,0.3413708380102702,0.2068197368139244,0.3335133886584016,0.6664866134524345,0.3349275839702588,0.7094604121633323
openai,62,validation,1,2,1,0.9743471762546932,92.26506024096386,0.8549540186502848,0.3411556368067746,0.130065106124763,0.3372410272800658,0.6627589770489268,0.3364680242545243,0.7081241241420608
openai,62,validation,1,2,2,0.9743471762546932,92.26506024096386,0.9464883517069989,0.3201977483148917,0.2325451298650488,0.3314681497892404,0.6685318491525121,0.3321881731988267,0.7118367610207523
openai,62,validation,1,2,3,0.9743471762546932,92.26506024096386,0.9688773937972196,0.3121593590377815,0.2429430822292006,0.333718598807334,0.6662814021110535,0.3328654048527824,0.7112492847155376
openai,62,validation,1,2,4,0.9743471762546932,92.26506024096386,0.9460970536772028,0.3506103938998513,0.2399267712271357,0.3321166998680888,0.6678832889431052,0.3338661847519688,0.7103811448597046
openai,62,validation,1,2,5,0.9743471762546932,92.26506024096386,0.9825160108416914,0.3380970034992316,0.281498989247414,0.3331133133938743,0.6668866930736436,0.3339074122551311,0.7103453738143645
openai,62,validation,1,2,6,0.9743471762546932,92.26506024096386,0.950150036668203,0.3383628413533168,0.193233879215746,0.3333465265022823,0.6666534828643004,0.334189420669443,0.7101007394761925
openai,62,validation,1,2,7,0.9743471762546932,92.26506024096386,0.9356021988822754,0.3336728360223935,0.2304287759295429,0.3372453598648361,0.6627546312908331,0.336046462205963,0.7084898180272206
openai,62,test_internal,0,0,0,0.0406116900685279,9.424615384615384,0.8217322589800908,0.2858196631198241,0.3069181497280414,0.5889262652855654,0.4805718103973128,0.5190679319470907,0.4809320651584391
openai,62,test_internal,0,0,1,0.0406116900685279,9.424615384615384,0.7479457328869746,0.2947009096540529,0.4170001137829744,0.5916006456430142,0.4774452891709993,0.5225492537343245,0.4774507456760612
openai,62,test_internal,0,0,2,0.0406116900685279,9.424615384615384,0.8151997745037078,0.2824184569263731,0.2640420496349151,0.586328734434568,0.4836084950956509,0.5155960503134797,0.4844039494721152
openai,62,test_internal,0,0,3,0.0406116900685279,9.424615384615384,0.8408027874506437,0.3234169927585573,0.373389942921125,0.5816259662463115,0.489106333673858,0.5115801504404425,0.4884198481123224
openai,62,test_internal,0,0,4,0.0406116900685279,9.424615384615384,0.7707014755102304,0.2780383007423176,0.3741676943806502,0.5858101241863691,0.4842147835188632,0.5152935818802539,0.4847064158684915
openai,62,test_internal,0,0,5,0.0406116900685279,9.424615384615384,0.820641935146772,0.3043524465462831,0.4152971228040181,0.5822642977421101,0.4883600850221064,0.5117805892293402,0.4882194113066728
openai,62,test_internal,0,0,6,0.0406116900685279,9.424615384615384,0.8280997636685005,0.2832446658612879,0.292384057446168,0.5869309763724987,0.482904431952847,0.5162372504957289,0.4837627510587088
openai,62,test_internal,0,0,7,0.0406116900685279,9.424615384615384,0.708859533896813,0.3371195139384477,0.6452942267289529,0.57775670170784,0.493629754206045,0.5071636942757977,0.4928363042099656
openai,62,test_internal,0,1,0,0.0406116900685279,9.424615384615384,0.7580149605640998,0.2742243781522219,0.2347618157187333,0.5866424110302558,0.4832417872205055,0.5154578007168049,0.4845422005160249
openai,62,test_internal,0,1,1,0.0406116900685279,9.424615384615384,0.7591985854735741,0.2829687422568956,0.2454116385200849,0.5845832832042988,0.4856490407594674,0.5136620951213425,0.4863379031098146
openai,62,test_internal,0,1,2,0.0406116900685279,9.424615384615384,0.7511617200191204,0.2761654361439062,0.2260865922386829,0.5841227665314308,0.4861874131204413,0.5127697239676825,0.4872302747458862
openai,62,test_internal,0,1,3,0.0406116900685279,9.424615384615384,0.6302782286130465,0.3596512765482479,0.2087329153573283,0.5921399333843818,0.4768148246321746,0.5254859850346614,0.4745140168413841
openai,62,test_internal,0,1,4,0.0406116900685279,9.424615384615384,0.6503045041744525,0.3479387285168651,0.1806609269303198,0.5890041995965517,0.4804806981048138,0.5184097368832973,0.4815902629022975
openai,62,test_internal,0,1,5,0.0406116900685279,9.424615384615384,0.7405887927458836,0.2129648471441419,0.3537976659490512,0.581623718555157,0.4891089604055281,0.5075296697963914,0.492470329721197
openai,62,test_internal,0,1,6,0.0406116900685279,9.424615384615384,0.757675068286749,0.2609308589003312,0.2339427968458487,0.5800349486791171,0.4909663373510614,0.5078867487877393,0.4921132490146074
openai,62,test_internal,0,1,7,0.0406116900685279,9.424615384615384,0.7345225208539229,0.2572677256303167,0.2058156684112663,0.5831900606247095,0.4872778075740491,0.5112702124517599,0.488729787173031
openai,62,test_internal,0,2,0,0.0406116900685279,9.424615384615384,0.6001588539893811,0.3374255984484779,0.1941066064191265,0.5635680943268996,0.5102171526967193,0.4872224472945543,0.5127775531878574
openai,62,test_internal,0,2,1,0.0406116900685279,9.424615384615384,0.5682991251120201,0.3231207201795056,0.2042791250466297,0.5714741338216341,0.5009744828231901,0.4983949217972138,0.5016050791140083
openai,62,test_internal,0,2,2,0.0406116900685279,9.424615384615384,0.6412393205899458,0.315798749490332,0.2343723206666226,0.5948344811567894,0.4736647254271472,0.5304030062054559,0.4695969923741097
openai,62,test_internal,0,2,3,0.0406116900685279,9.424615384615384,0.672172141441932,0.2617946561529254,0.1956052024046388,0.578533948476498,0.4927211021669477,0.5049407485899308,0.4950592518924809
openai,62,test_internal,0,2,4,0.0406116900685279,9.424615384615384,0.7232758922760303,0.2810177696318608,0.2639831657335162,0.5752719361506976,0.4965346069108668,0.5004507082400562,0.4995492924567606
openai,62,test_internal,0,2,5,0.0406116900685279,9.424615384615384,0.6875976723891039,0.2836306593545666,0.223710407775182,0.5741595250368118,0.4978350857607752,0.5018483704800228,0.4981516288767615
openai,62,test_internal,0,2,6,0.0406116900685279,9.424615384615384,0.609878966991718,0.3133086630569734,0.2066848127866307,0.5891362586846718,0.4803263163931078,0.5245006400153791,0.47549936448713
openai,62,test_internal,0,2,7,0.0406116900685279,9.424615384615384,0.641001878793423,0.3043253932502639,0.1918536125445881,0.5848213251737447,0.4853707519259384,0.513873955060681,0.4861260461721489
openai,62,test_internal,1,0,0,0.9152374780382898,13.005405405405403,0.8497431262924865,0.2920074170798422,0.2812474027578089,0.5742749041147731,0.483927142075313,0.5158781629690926,0.4841218390909757
openai,62,test_internal,1,0,1,0.9152374780382898,13.005405405405403,0.777667137577727,0.2873270643205438,0.2988305358568559,0.5713296286786932,0.4872750743605574,0.5128108636488975,0.4871891342252264
openai,62,test_internal,1,0,2,0.9152374780382898,13.005405405405403,0.8228356125386985,0.2918893194257767,0.2230667362795085,0.5713578344096203,0.4872430130358665,0.5122550683133247,0.4877449335407368
openai,62,test_internal,1,0,3,0.9152374780382898,13.005405405405403,0.845221170299762,0.3292772889077098,0.3870705025824341,0.5639293929461289,0.4956870176321533,0.5043321361625066,0.495667862818904
openai,62,test_internal,1,0,4,0.9152374780382898,13.005405405405403,0.8081732595289076,0.2780833806759312,0.302046581629563,0.5673536110040103,0.4917946642238973,0.5079553583908695,0.492044640713573
openai,62,test_internal,1,0,5,0.9152374780382898,13.005405405405403,0.8500219107479663,0.3021351988056564,0.3616371924208628,0.5645283344730332,0.4950061920234868,0.5050117381535093,0.4949882575947385
openai,62,test_internal,1,0,6,0.9152374780382898,13.005405405405403,0.8581695150684666,0.2931520441837587,0.2926647737420894,0.5711119833125456,0.4875224757304389,0.5119072411741529,0.4880927563079857
openai,62,test_internal,1,0,7,0.9152374780382898,13.005405405405403,0.7628265790842675,0.3182545857987297,0.5160261568588179,0.5638993505099034,0.4957211695371135,0.5045257490814968,0.4954742514478263
openai,62,test_internal,1,1,0,0.9152374780382898,13.005405405405403,0.7974811069063238,0.2772373925780504,0.2466308433159783,0.5706116360385676,0.4880912267758915,0.5107783223809917,0.4892216782599184
openai,62,test_internal,1,1,1,0.9152374780382898,13.005405405405403,0.7836247192846763,0.2969597798598671,0.2242309028786179,0.5679084438931298,0.4911639851542295,0.5084778528013904,0.4915221443374036
openai,62,test_internal,1,1,2,0.9152374780382898,13.005405405405403,0.7721432239622683,0.2823673977219771,0.2204066048074211,0.5663190804019168,0.4929706290844948,0.5060738418737681,0.4939261572335356
openai,62,test_internal,1,1,3,0.9152374780382898,13.005405405405403,0.611627740715001,0.3578676669761848,0.2198929679913547,0.5737736399058957,0.4844969395210483,0.5153647859032894,0.4846352120423646
openai,62,test_internal,1,1,4,0.9152374780382898,13.005405405405403,0.6276434050218479,0.3624325029948854,0.1504151906358783,0.5747749537028171,0.4833587320169545,0.5152095010569935,0.484790495921573
openai,62,test_internal,1,1,5,0.9152374780382898,13.005405405405403,0.7573874336642188,0.2280791304567704,0.4293390973596959,0.5637378019356244,0.4959047995908286,0.5024658462544832,0.4975341548842768
openai,62,test_internal,1,1,6,0.9152374780382898,13.005405405405403,0.7946549175558864,0.2677998649977432,0.230782094386381,0.5616610930578129,0.4982654251352799,0.5004372811674522,0.4995627179856308
openai,62,test_internal,1,1,7,0.9152374780382898,13.005405405405403,0.7551607223781379,0.2607354334935654,0.2027696873589947,0.5654028199915145,0.4940121558404738,0.5048328626403061,0.4951671374741421
openai,62,test_internal,1,2,0,0.9152374780382898,13.005405405405403,0.7621778782155063,0.3141563627377253,0.2921555709496543,0.5513191219117191,0.5100212727091097,0.4903056940175421,0.5096943064402508
openai,62,test_internal,1,2,1,0.9152374780382898,13.005405405405403,0.6780996473657118,0.2898136037554048,0.333180513623095,0.555588405820969,0.5051683267369614,0.4958252316589729,0.5041747653768176
openai,62,test_internal,1,2,2,0.9152374780382898,13.005405405405403,0.6743323920546351,0.3060819594890284,0.3812537620120959,0.5582260536684378,0.5021700782847295,0.4990213308769483,0.5009786699499402
openai,62,test_internal,1,2,3,0.9152374780382898,13.005405405405403,0.7775439219700323,0.2837761793184902,0.2771545324550086,0.563303144558056,0.496398884030531,0.5024513097997818,0.4975486932903207
openai,62,test_internal,1,2,4,0.9152374780382898,13.005405405405403,0.7751353386286143,0.2881131026144348,0.3427620248818719,0.5563296339600473,0.5043257592552085,0.4955527782955202,0.5044472224655605
openai,62,test_internal,1,2,5,0.9152374780382898,13.005405405405403,0.7618933241915058,0.3229333778438472,0.2316982230070877,0.5601138589652004,0.5000241843328315,0.4996479994827701,0.500351997770472
openai,62,test_internal,1,2,6,0.9152374780382898,13.005405405405403,0.7202611007400461,0.305345880243127,0.3244704123007486,0.5555344006600412,0.5052297144853575,0.496049643907633,0.5039503553083965
openai,62,test_internal,1,2,7,0.9152374780382898,13.005405405405403,0.758768843799024,0.2864791356629496,0.269499745652885,0.5603280518707391,0.4997807097050451,0.4999250198289546,0.5000749789121147
openai,42,validation,0,0,0,0.0691515979314572,14.748,0.8885467998385429,0.3297601558021055,0.2731916672810912,0.4828457179665565,0.5171542828381062,0.4827420922219753,0.5172579095363617
openai,42,validation,0,0,1,0.0691515979314572,14.748,0.9254354838132858,0.331621347197922,0.1925475885123014,0.5040782093703747,0.4959217899739742,0.5039819193184376,0.4960180782973766
openai,42,validation,0,0,2,0.0691515979314572,14.748,0.8766585780382157,0.3559855022533664,0.3970703896582127,0.4717156423330307,0.5282843579053879,0.4720663591325283,0.5279336394071579
openai,42,validation,0,0,3,0.0691515979314572,14.748,0.9075313311815262,0.3585202833331755,0.1251134396344423,0.5420859733819962,0.4579140258431434,0.5414284794330597,0.4585715215802192
openai,42,validation,0,0,4,0.0691515979314572,14.748,0.9333711180686952,0.3617985412224432,0.142587431717664,0.5385585013031959,0.4614415010511875,0.5383466087579727,0.4616533925831318
openai,42,validation,0,0,5,0.0691515979314572,14.748,0.9418524568676948,0.3246682568175782,0.1467152003869414,0.5086483293771744,0.4913516692519188,0.5083694110810757,0.491630590647459
openai,42,validation,0,0,6,0.0691515979314572,14.748,0.9125270965099336,0.3310115053862258,0.2577315168976783,0.490581278771162,0.5094187218844891,0.4903443090617657,0.5096556908786297
openai,42,validation,0,0,7,0.0691515979314572,14.748,0.9547818577885628,0.3381174917840332,0.1592438912317156,0.503746022850275,0.4962539778649807,0.5034893541932106,0.4965106463432312
openai,42,validation,0,1,0,0.0691515979314572,14.748,0.8795165984630585,0.3477180723106605,0.1157604898847639,0.5053598760068416,0.4946401233673095,0.5047476227581501,0.4952523782253265
openai,42,validation,0,1,1,0.0691515979314572,14.748,0.832203102171421,0.3076961093669741,0.0579330811183899,0.5134600905478001,0.4865399088263512,0.5124143064618111,0.4875856947004795
openai,42,validation,0,1,2,0.0691515979314572,14.748,0.8564164136052131,0.3261351326524755,0.0879269487448036,0.5185594736039638,0.4814405264854431,0.5181177344620228,0.4818822651207447
openai,42,validation,0,1,3,0.0691515979314572,14.748,0.8294474766254425,0.338240716275006,0.0657255951724946,0.522009174734354,0.4779908255636692,0.5214705533385277,0.4785294462442398
openai,42,validation,0,1,4,0.0691515979314572,14.748,0.8608070328831673,0.3308708814532791,0.1123327650465071,0.5178948415517807,0.4821051591038704,0.5163895719349384,0.4836104275882244
openai,42,validation,0,1,5,0.0691515979314572,14.748,0.6796781932115554,0.2777422888419736,0.4918697316385805,0.4475078206062317,0.5524921796023846,0.4400833510160446,0.5599166505336761
openai,42,validation,0,1,6,0.0691515979314572,14.748,0.8559277911186218,0.2831633912441938,0.1291847747378051,0.5073819514513016,0.4926180495619774,0.5052670258283615,0.4947329737842083
openai,42,validation,0,1,7,0.0691515979314572,14.748,0.796465352833271,0.3211436350105444,0.1310662384070456,0.4981735720932483,0.5018264284133911,0.4962985976934433,0.5037014017403125
openai,42,validation,0,2,0,0.0691515979314572,14.748,0.768224250793457,0.3660143449071322,0.0540855329986661,0.5331996127963066,0.466800389111042,0.5341990778744221,0.465800922602415
openai,42,validation,0,2,1,0.0691515979314572,14.748,0.6372536261081696,0.3973357251047131,0.0232848014589399,0.4746386840343475,0.525361313700676,0.474100427955389,0.5258995734453201
openai,42,validation,0,2,2,0.0691515979314572,14.748,0.6713198676109314,0.4071837257549269,0.036126820154488,0.4852486959695816,0.5147513010203838,0.4843112862706184,0.515688715338707
openai,42,validation,0,2,3,0.0691515979314572,14.748,0.7805330006480217,0.3870719378508425,0.0738827530927956,0.5330246942639351,0.4669753039479256,0.5356536570191384,0.4643463426530361
openai,42,validation,0,2,4,0.0691515979314572,14.748,0.679889370918274,0.3907986216243147,0.0354741477062925,0.5245920885205269,0.4754079113900661,0.5257085039019584,0.4742914989292621
openai,42,validation,0,2,5,0.0691515979314572,14.748,0.7448450259566307,0.3843090514856907,0.0781413019225001,0.5158563671410084,0.4841436321437359,0.5157369188070298,0.4842630830407142
openai,42,validation,0,2,6,0.0691515979314572,14.748,0.7027166635394096,0.4061286008395418,0.0384591778507456,0.4917631551921367,0.5082368450462819,0.4903056224882602,0.5096943773627282
openai,42,validation,0,2,7,0.0691515979314572,14.748,0.728823858499527,0.3218119572645769,0.0766034266706556,0.5170795666277409,0.4829204315543174,0.5173457651734352,0.482654233366251
openai,42,validation,1,0,0,0.976473190698279,92.26506024096386,0.9834791551153343,0.3384935225710316,0.2680368708917893,0.3274305254744831,0.6725694773097833,0.3281204998331506,0.7153653477329805
openai,42,validation,1,0,1,0.976473190698279,92.26506024096386,0.9890973740313428,0.3340895678389483,0.2577991397624992,0.3362528598712136,0.6637471425864432,0.3356545821491939,0.7088297698871199
openai,42,validation,1,0,2,0.976473190698279,92.26506024096386,0.9808992075632854,0.3235705539777271,0.2972386906664055,0.3271007000285963,0.6728993016812537,0.327147630711099,0.7162092798445598
openai,42,validation,1,0,3,0.976473190698279,92.26506024096386,0.9806481851152626,0.355973700489741,0.2523332308214831,0.3460285047185607,0.6539714969694614,0.3426797867804352,0.7027356060872595
openai,42,validation,1,0,4,0.976473190698279,92.26506024096386,0.9885861090866916,0.338239161544903,0.2530327301068478,0.3436866977200326,0.656313293096092,0.3427115079377674,0.7027080906442849
openai,42,validation,1,0,5,0.976473190698279,92.26506024096386,0.983516508556274,0.3421572911206596,0.2184721403811351,0.342309563084402,0.6576904447542297,0.3407838848393617,0.7043802465300962
openai,42,validation,1,0,6,0.976473190698279,92.26506024096386,0.9826477270528494,0.3427814985382734,0.2749620510871152,0.3309821597746729,0.6690178385211362,0.3309821110063543,0.7128829995551741
openai,42,validation,1,0,7,0.976473190698279,92.26506024096386,0.9893050236874316,0.3408611929635023,0.2498983378151813,0.337973492556355,0.6620265170931816,0.3369958515589435,0.7076662459287298
openai,42,validation,1,1,0,0.976473190698279,92.26506024096386,0.9791122753936125,0.3394095110422114,0.2757556411516235,0.3345470777583412,0.665452913277679,0.3348642895515594,0.7095153130680681
openai,42,validation,1,1,1,0.976473190698279,92.26506024096386,0.9659729930291692,0.3215651398375309,0.2613597456590238,0.3461205111428474,0.6538794885079066,0.3355416514936628,0.7089277276073593
openai,42,validation,1,1,2,0.976473190698279,92.26506024096386,0.9650138508842652,0.3103902037761676,0.3093648057386099,0.3429066852226646,0.6570933096938663,0.3347203514745666,0.7096401776175901
openai,42,validation,1,1,3,0.976473190698279,92.26506024096386,0.9754279464124196,0.3531326813051266,0.256778683648052,0.3433030517965865,0.6566969392200311,0.3372401310415525,0.7074543392083731
openai,42,validation,1,1,4,0.976473190698279,92.26506024096386,0.9774637207927476,0.341909772770425,0.2377754857382142,0.3410923335209695,0.6589076696998544,0.3374729236691362,0.7072524051350283
openai,42,validation,1,1,5,0.976473190698279,92.26506024096386,0.92511031067515,0.300547462634899,0.195487371544881,0.3398477021837607,0.6601522862911224,0.3341928504588496,0.7100977685796209
openai,42,validation,1,1,6,0.976473190698279,92.26506024096386,0.9668848457106624,0.3321805831561418,0.2641965829464326,0.34271701716999,0.6572829782962799,0.3351560503619516,0.7092622213334923
openai,42,validation,1,1,7,0.976473190698279,92.26506024096386,0.9682706249765602,0.3258608021063484,0.304699936399169,0.3390942149498086,0.660905779649814,0.337969272365121,0.7068218312349664
openai,42,validation,1,2,0,0.976473190698279,92.26506024096386,0.972192751355918,0.3419183631920976,0.2538333998387118,0.3325741771437202,0.667425814188189,0.3340440971401727,0.7102268015045717
openai,42,validation,1,2,1,0.976473190698279,92.26506024096386,0.8686901704374567,0.3415025517600613,0.1898900934730667,0.3321743567280969,0.667825647112396,0.3340096993908648,0.7102566408105644
openai,42,validation,1,2,2,0.976473190698279,92.26506024096386,0.9007574434739998,0.3378556377957611,0.1844596794570785,0.3336149503744915,0.6663850545883179,0.3359819817075428,0.7085457487278674
openai,42,validation,1,2,3,0.976473190698279,92.26506024096386,0.970796689211604,0.343883954256739,0.2225109755274761,0.3293082556681636,0.670691745976607,0.3325080234159638,0.7115593107349901
openai,42,validation,1,2,4,0.976473190698279,92.26506024096386,0.8678140367370054,0.370359635430628,0.1389313622052411,0.3334546198542132,0.6665453857017888,0.3360313899142461,0.7085028947835945
openai,42,validation,1,2,5,0.976473190698279,92.26506024096386,0.968097261635654,0.3449976317368712,0.2326301409896597,0.3343311014274756,0.6656688989864455,0.3349638238287298,0.7094289800488806
openai,42,validation,1,2,6,0.976473190698279,92.26506024096386,0.8513651590749441,0.3613402639560204,0.1607835281146578,0.332842647138831,0.6671573523845937,0.3369560168244384,0.7077008065689041
openai,42,validation,1,2,7,0.976473190698279,92.26506024096386,0.9496593784136944,0.3289783778073092,0.2514982923685786,0.3279419960761313,0.6720580144060982,0.330316115736625,0.7134607154202749
openai,42,test_internal,0,0,0,0.0554317381847291,9.424615384615384,0.7329655228211329,0.3079447600702794,0.5148018825283417,0.5831982900546148,0.4872681834607673,0.5131280270519016,0.4868719717956704
openai,42,test_internal,0,0,1,0.0554317381847291,9.424615384615384,0.7826543610829574,0.2862173822674828,0.3615751400131445,0.589403771345432,0.4800135763965065,0.5195997751338018,0.4804002271174526
openai,42,test_internal,0,0,2,0.0554317381847291,9.424615384615384,0.7051246944757609,0.3359267610951559,0.6410170733011686,0.5783464495035319,0.4929402994541384,0.5081517273466364,0.4918482736851886
openai,42,test_internal,0,0,3,0.0554317381847291,9.424615384615384,0.7765871576162485,0.3070780111023615,0.2561530951582468,0.6011159458068701,0.4663212869128735,0.533151036383008,0.4668489653858349
openai,42,test_internal,0,0,4,0.0554317381847291,9.424615384615384,0.8055766743880052,0.3073557513848018,0.2519105911484131,0.6026013841078831,0.4645847151283737,0.535194148316229,0.464805854363836
openai,42,test_internal,0,0,5,0.0554317381847291,9.424615384615384,0.8111691474914551,0.282518379008037,0.3006212967175704,0.5868278640508652,0.4830249781124026,0.5166709878140217,0.4833290126147888
openai,42,test_internal,0,0,6,0.0554317381847291,9.424615384615384,0.7575952002635369,0.3011912885874475,0.481478694310555,0.5849301113990637,0.4852435725251977,0.5143569210450426,0.4856430797589768
openai,42,test_internal,0,0,7,0.0554317381847291,9.424615384615384,0.8189234632712145,0.2877805394031245,0.3062994926594771,0.583487517100114,0.4869300633561697,0.5125169132789262,0.4874830902051583
openai,42,test_internal,0,1,0,0.0554317381847291,9.424615384615384,0.7639757591944475,0.3058768398851267,0.2435500931854431,0.5800617216642087,0.4909350367651569,0.5093640622903974,0.4906359392640402
openai,42,test_internal,0,1,1,0.0554317381847291,9.424615384615384,0.7335659268269172,0.247423501932091,0.2077293348197753,0.57951095360976,0.4915789184596041,0.5066322357856112,0.4933677668944537
openai,42,test_internal,0,1,2,0.0554317381847291,9.424615384615384,0.7599737463547633,0.273598723693217,0.2180896652604524,0.5861399576297173,0.4838291859562448,0.5156567720629328,0.4843432281514723
openai,42,test_internal,0,1,3,0.0554317381847291,9.424615384615384,0.738677762563412,0.2752783210421778,0.2096159002729333,0.584880996300624,0.4853009901029601,0.5134171934650956,0.4865828064813031
openai,42,test_internal,0,1,4,0.0554317381847291,9.424615384615384,0.7546653157014113,0.2749893216942483,0.2351533771134339,0.5864384371042252,0.4834802471262088,0.5149967183740877,0.4850032846811864
openai,42,test_internal,0,1,5,0.0554317381847291,9.424615384615384,0.6739292753659761,0.2340389513632216,0.3213249636269533,0.582860919879033,0.4876625920585591,0.508240789067831,0.4917592105569599
openai,42,test_internal,0,1,6,0.0554317381847291,9.424615384615384,0.7392411649227142,0.2329870647932045,0.2364643253758549,0.5823666678942166,0.4882404089724417,0.5097139479337837,0.4902860553358956
openai,42,test_internal,0,1,7,0.0554317381847291,9.424615384615384,0.6715884063794063,0.2652512995872433,0.2358613785427923,0.5761926775253736,0.4954581976258497,0.501738788734237,0.4982612129810045
openai,42,test_internal,0,2,0,0.0554317381847291,9.424615384615384,0.6890213097058809,0.3122538804331947,0.2248964145464392,0.5883582745148586,0.4812358319223356,0.521633155107927,0.4783668418904002
openai,42,test_internal,0,2,1,0.0554317381847291,9.424615384615384,0.5837103169239485,0.3426508515685658,0.1880714005307079,0.5643714682872478,0.5092779580208895,0.4890808719846842,0.510919128229721
openai,42,test_internal,0,2,2,0.0554317381847291,9.424615384615384,0.6214809161883134,0.3547896896928276,0.2118747999891638,0.5699380723788188,0.5027702411087297,0.4959042407840276,0.5040957555174828
openai,42,test_internal,0,2,3,0.0554317381847291,9.424615384615384,0.6967578661441803,0.345038944621415,0.2472451340493101,0.591270368878658,0.4778314044149659,0.5256922860904564,0.4743077141239489
openai,42,test_internal,0,2,4,0.0554317381847291,9.424615384615384,0.6322647670599131,0.3385936105941502,0.2242154089232476,0.589176433636592,0.4802793503450833,0.5224532861825374,0.4775467150770932
openai,42,test_internal,0,2,5,0.0554317381847291,9.424615384615384,0.6303842595907359,0.3387943319560003,0.1860878957987118,0.5829226273756761,0.4875904548404028,0.5116838965591767,0.4883161048344571
openai,42,test_internal,0,2,6,0.0554317381847291,9.424615384615384,0.6312402410690601,0.3588207112136726,0.2141264213750568,0.5719428025300686,0.5004265803120119,0.4972772662052148,0.5027227336875826
openai,42,test_internal,0,2,7,0.0554317381847291,9.424615384615384,0.6433580522353832,0.2840290873860119,0.2531934885465755,0.5828010355050747,0.4877326035027881,0.5125072205559813,0.4874927789080057
openai,42,test_internal,1,0,0,0.9427849292296544,13.005405405405403,0.7799281038948007,0.2925374593335145,0.3912659742139481,0.5608145674841629,0.4992276810212618,0.5009743473013311,0.4990256560162374
openai,42,test_internal,1,0,1,0.9427849292296544,13.005405405405403,0.8150825209714271,0.290983043705622,0.2935407874551979,0.5716209761974578,0.4869438968312722,0.5128319610980341,0.4871680385414539
openai,42,test_internal,1,0,2,0.9427849292296544,13.005405405405403,0.7642386636218509,0.3176405816220886,0.5124766071100493,0.5631745849981451,0.4965450180588596,0.5039542726635898,0.4960457272999297
openai,42,test_internal,1,0,3,0.9427849292296544,13.005405405405403,0.8149101482855307,0.3111796537056885,0.2586638427364665,0.5844433117758583,0.4723685889200131,0.5273574410312553,0.4726425584193931
openai,42,test_internal,1,0,4,0.9427849292296544,13.005405405405403,0.8306037910081244,0.3147304375049106,0.2622612944124518,0.5868537265505339,0.4696286387524114,0.5300830013466321,0.46991700112545
openai,42,test_internal,1,0,5,0.9427849292296544,13.005405405405403,0.8345098511592762,0.2857345694650571,0.2674495287138868,0.5706058875229713,0.4880977634414916,0.5116526690210157,0.4883473317515099
openai,42,test_internal,1,0,6,0.9427849292296544,13.005405405405403,0.8019766532086038,0.291790331038851,0.3681224275481056,0.5650126145989005,0.4944557076843653,0.5053677700685992,0.4946322291860566
openai,42,test_internal,1,0,7,0.9427849292296544,13.005405405405403,0.8446218200632044,0.2979662213791387,0.2785944960407309,0.5694014840432116,0.4894668231682477,0.5102329631486247,0.4897670345738553
openai,42,test_internal,1,1,0,0.9427849292296544,13.005405405405403,0.7915986391338142,0.3040520736076619,0.2315350569683957,0.5624070603048077,0.4974174746719922,0.502471796115331,0.4975282044454653
openai,42,test_internal,1,1,1,0.9427849292296544,13.005405405405403,0.7508479228696308,0.263328304591769,0.1819342119493396,0.5625912912592694,0.4972080540272497,0.5013582121964241,0.4986417888679446
openai,42,test_internal,1,1,2,0.9427849292296544,13.005405405405403,0.7718462022575172,0.2777721622570797,0.214549825300236,0.5695515090750681,0.4892962860621614,0.5101849500850965,0.4898150503726965
openai,42,test_internal,1,1,3,0.9427849292296544,13.005405405405403,0.759351226848525,0.2851696059155409,0.1926788102155803,0.5694258348563233,0.4894391442498853,0.5098828206642798,0.4901171797248442
openai,42,test_internal,1,1,4,0.9427849292296544,13.005405405405403,0.7890585974261567,0.2804204507158659,0.2538549772186859,0.5691014995647443,0.4898078177473329,0.5087336167784696,0.4912663814933619
openai,42,test_internal,1,1,5,0.9427849292296544,13.005405405405403,0.641593857633101,0.2513835698443421,0.491214677701528,0.5626447516619354,0.4971472889459628,0.5005545561901436,0.4994454417040088
openai,42,test_internal,1,1,6,0.9427849292296544,13.005405405405403,0.7667005389123349,0.2420343125892746,0.2493013648467289,0.5652597293962498,0.4941748112165433,0.5040853679489156,0.4959146303973073
openai,42,test_internal,1,1,7,0.9427849292296544,13.005405405405403,0.7118653482681996,0.2831883958880647,0.2307236637655847,0.5668992980307824,0.4923110905056175,0.5060702626308721,0.4939297360300834
openai,42,test_internal,1,2,0,0.9427849292296544,13.005405405405403,0.7858362963070741,0.3158643270403168,0.3035509291834928,0.5603003317439879,0.4998122198469994,0.5013477756840659,0.4986522251056269
openai,42,test_internal,1,2,1,0.9427849292296544,13.005405405405403,0.6809115712304373,0.3194374007815282,0.2472923090656262,0.5449566270350604,0.5172536040780731,0.4842090993295617,0.5157909012655691
openai,42,test_internal,1,2,2,0.9427849292296544,13.005405405405403,0.6855291072581265,0.3269813081635854,0.2973554956122629,0.5552750444442437,0.505524526451773,0.4961646113962438,0.5038353903548143
openai,42,test_internal,1,2,3,0.9427849292296544,13.005405405405403,0.7804785216982301,0.3309133196933481,0.3322222002152655,0.5613456209618095,0.4986240261344499,0.502555921233149,0.4974440790014699
openai,42,test_internal,1,2,4,0.9427849292296544,13.005405405405403,0.6890657196173797,0.3162358990466981,0.3178082155592336,0.558604186310156,0.501740249597715,0.5004420725202414,0.4995579239204182
openai,42,test_internal,1,2,5,0.9427849292296544,13.005405405405403,0.8024833208805806,0.335545842642914,0.3064737978844425,0.5635268574630892,0.4961445876347121,0.5047047823072396,0.4952952194323737
openai,42,test_internal,1,2,6,0.9427849292296544,13.005405405405403,0.6920665970525226,0.3281756665102733,0.29361460502637,0.5547477443929056,0.5061239164591568,0.4955558549904603,0.5044441439108365
openai,42,test_internal,1,2,7,0.9427849292296544,13.005405405405403,0.7759841527890514,0.2992640713168226,0.3062725407801367,0.5636390165400667,0.4960170923381723,0.5046777039360021,0.4953222957807385
openai,52,test_internal,0,0,0,0.0461067051670621,9.424615384615384,0.8277342952214755,0.2889376846764012,0.3053328798940548,0.5852702525028816,0.4848459270789469,0.5147650524866667,0.4852349462269021
openai,52,test_internal,0,0,1,0.0461067051670621,9.424615384615384,0.820799618776028,0.3241214379990377,0.3178414549277379,0.5929408270120621,0.4758785281249945,0.5241991270789139,0.475800870401825
openai,52,test_internal,0,0,2,0.0461067051670621,9.424615384615384,0.7784315705299377,0.2863021376128465,0.3387069979768533,0.587486193730281,0.4822553496459405,0.5176413976352849,0.4823586026327215
openai,52,test_internal,0,0,3,0.0461067051670621,9.424615384615384,0.807658204115354,0.3003023383686602,0.3934614574450712,0.5839006318037326,0.4864471076632575,0.5135667988722273,0.4864332038078376
openai,52,test_internal,0,0,4,0.0461067051670621,9.424615384615384,0.8298123534826132,0.3197276302976691,0.4122915689532573,0.5836943256855011,0.4866882878884995,0.5139664607189542,0.4860335392810458
openai,52,test_internal,0,0,5,0.0461067051670621,9.424615384615384,0.819322859782439,0.3048431626389364,0.2739060207513663,0.5943377239887531,0.4742454675247343,0.5257886315850046,0.4742113705590474
openai,52,test_internal,0,0,6,0.0461067051670621,9.424615384615384,0.7696722488219921,0.3073330497659549,0.5143125209900049,0.599617142860706,0.4680734849233421,0.5322177744061827,0.4677822253794121
openai,52,test_internal,0,0,7,0.0461067051670621,9.424615384615384,0.8069444047487699,0.2821913133599222,0.3496178547694132,0.587404521887119,0.4823508294259044,0.5173071226198896,0.4826928780233259
openai,52,test_internal,0,1,0,0.0461067051670621,9.424615384615384,0.7703741188232716,0.2621644663940823,0.2772266996823824,0.5766789191044294,0.4948897539711684,0.5040025486470127,0.4959974510313795
openai,52,test_internal,0,1,1,0.0461067051670621,9.424615384615384,0.7192920827865601,0.3601756586350263,0.3460760175092862,0.5937046587008696,0.4749855638997589,0.5205520946773694,0.479447903687791
openai,52,test_internal,0,1,2,0.0461067051670621,9.424615384615384,0.764665395113138,0.2700910383931842,0.2409050490248661,0.5819087897814237,0.4887756942737874,0.5106286384540496,0.4893713633683945
openai,52,test_internal,0,1,3,0.0461067051670621,9.424615384615384,0.7787355936490572,0.3001934319859007,0.2680786127539781,0.5847003658918234,0.4855121585319368,0.5136713288027606,0.486328671304442
openai,52,test_internal,0,1,4,0.0461067051670621,9.424615384615384,0.6337554020148057,0.3080232748971496,0.2089676057540166,0.5846748643655043,0.4855419734506298,0.5144182623183127,0.4855817373600795
openai,52,test_internal,0,1,5,0.0461067051670621,9.424615384615384,0.765131605221675,0.3151218210067871,0.2368994630242769,0.5864583463852222,0.4834569686179538,0.5162340905919349,0.4837659071032092
openai,52,test_internal,0,1,6,0.0461067051670621,9.424615384615384,0.7658325240245232,0.3189007528943392,0.2747670649335934,0.5828104529930995,0.4877215932063061,0.5127666665495728,0.4872333350584661
openai,52,test_internal,0,1,7,0.0461067051670621,9.424615384615384,0.7433050902990195,0.2549245537405712,0.2321549098336925,0.581461192369461,0.4892989675775706,0.5098727158934092,0.4901272824985518
openai,52,test_internal,0,2,0,0.0461067051670621,9.424615384615384,0.5561107965157582,0.3657129845191125,0.2208769173486731,0.556946830015916,0.5179578400612306,0.4775501972050975,0.5224498037061245
openai,52,test_internal,0,2,1,0.0461067051670621,9.424615384615384,0.5778457022171755,0.3004543411918343,0.5060310776073199,0.5920517318409223,0.4769179383493799,0.5143379489187714,0.4856620533190828
openai,52,test_internal,0,2,2,0.0461067051670621,9.424615384615384,0.7100705994092501,0.2887974111871229,0.2139719532415843,0.5886443996887941,0.4809013300662418,0.5175189553833693,0.4824810427405851
openai,52,test_internal,0,2,3,0.0461067051670621,9.424615384615384,0.6966239618338071,0.2685612497350486,0.2299961013805407,0.5792355133936955,0.4919009305161538,0.5056420714199115,0.4943579294913107
openai,52,test_internal,0,2,4,0.0461067051670621,9.424615384615384,0.5402664246925941,0.3816681751730044,0.1753392990300646,0.6067782079256497,0.4597017383939928,0.5393688057502397,0.4606311929633291
openai,52,test_internal,0,2,5,0.0461067051670621,9.424615384615384,0.4871665845925991,0.3959666459428856,0.1733593130165424,0.5865740905358241,0.4833216547644395,0.514158284331826,0.485841712988109
openai,52,test_internal,0,2,6,0.0461067051670621,9.424615384615384,0.6826676016587477,0.3423214262258968,0.2825511847522396,0.5871143092558934,0.4826901106418466,0.5196563087993389,0.4803436934519157
openai,52,test_internal,0,2,7,0.0461067051670621,9.424615384615384,0.6324884020365201,0.3291522029512683,0.1897006271851177,0.5818447407392355,0.4888505760392697,0.5101904889984097,0.4898095103047734
openai,52,test_internal,1,0,0,0.9550063701422028,13.005405405405403,0.8545903306555104,0.295252008343159,0.3054546759136625,0.5690534731473874,0.4898624096735282,0.5097138686491872,0.4902861336226104
openai,52,test_internal,1,0,1,0.9550063701422028,13.005405405405403,0.8345787960935284,0.3256864372642548,0.2890421817330895,0.5796332825075936,0.4778362081805316,0.5220508503794853,0.4779491498723008
openai,52,test_internal,1,0,2,0.9550063701422028,13.005405405405403,0.8051946002889324,0.2873253415065863,0.2743933040950749,0.5680425641580007,0.4910115265901187,0.5087574723587241,0.4912425286941997
openai,52,test_internal,1,0,3,0.9550063701422028,13.005405405405403,0.8359503158846417,0.298145031566765,0.3207671915659228,0.5660365638826546,0.493291770029361,0.5064558896440697,0.4935441121756572
openai,52,test_internal,1,0,4,0.9550063701422028,13.005405405405403,0.8557893372870781,0.3123272361662106,0.3398381896115638,0.5680827308093777,0.4909658680359522,0.5090776448883403,0.4909223543563014
openai,52,test_internal,1,0,5,0.9550063701422028,13.005405405405403,0.842930472460953,0.3058236648568359,0.250406727194786,0.577971448809714,0.4797252362133354,0.5202576340206208,0.479742368337013
openai,52,test_internal,1,0,6,0.9550063701422028,13.005405405405403,0.7963657168117729,0.2976840702821665,0.4040228570433887,0.5891198936302365,0.4670526547823816,0.5335084098089378,0.4664915933655704
openai,52,test_internal,1,0,7,0.9550063701422028,13.005405405405403,0.8406267510072605,0.2799472664166144,0.3065869458825201,0.5715320181277757,0.4870450191783465,0.5127429594064042,0.48725703697417
openai,52,test_internal,1,1,0,0.9550063701422028,13.005405405405403,0.7883791806730064,0.2461785845728423,0.373611896877756,0.5589410428914267,0.5013573392653429,0.496856571182311,0.5031434298935025
openai,52,test_internal,1,1,1,0.9550063701422028,13.005405405405403,0.7078827471346468,0.3581966492619253,0.4044806619552342,0.5824544773713962,0.4746293201699235,0.5223160008864103,0.4776839968246249
openai,52,test_internal,1,1,2,0.9550063701422028,13.005405405405403,0.7823707129504229,0.290120763212397,0.2309679425220835,0.5674454650212382,0.4916902547287318,0.5076186641844737,0.4923813321531826
openai,52,test_internal,1,1,3,0.9550063701422028,13.005405405405403,0.7843415130634566,0.3104815638210029,0.2213109069730381,0.5678479758468834,0.491232713841806,0.508228711909779,0.491771285091677
openai,52,test_internal,1,1,4,0.9550063701422028,13.005405405405403,0.6246559211531201,0.3219966953595303,0.1571639815081112,0.5693808784557356,0.4894902460082518,0.509980787803489,0.4900192143867642
openai,52,test_internal,1,1,5,0.9550063701422028,13.005405405405403,0.8006834330590995,0.3073788678184426,0.2241796950834828,0.5692116995417589,0.4896825541457456,0.5099410326341697,0.4900589697463538
openai,52,test_internal,1,1,6,0.9550063701422028,13.005405405405403,0.7970251346762116,0.3194345050548453,0.2494456275794151,0.5645575047747509,0.4949730351773275,0.5054646091000642,0.4945353898813464
openai,52,test_internal,1,1,7,0.9550063701422028,13.005405405405403,0.7716492748743778,0.2431918571975916,0.2419856300527179,0.5637866576076359,0.4958492666940718,0.5034072227753161,0.4965927779857647
openai,52,test_internal,1,2,0,0.9550063701422028,13.005405405405403,0.6107914364821202,0.3113324970371499,0.3616455345515262,0.5516751996153412,0.5096165190540975,0.4914977131225455,0.5085022868087856
openai,52,test_internal,1,2,1,0.9550063701422028,13.005405405405403,0.5117624193429947,0.3593325149857089,0.2222353648875739,0.6455883116738216,0.4028642823756565,0.587514032828643,0.4124859668737915
openai,52,test_internal,1,2,2,0.9550063701422028,13.005405405405403,0.6552209281438106,0.3375816959437316,0.1567382984115062,0.5887824370651632,0.4674362478214108,0.5322870304507594,0.4677129693890131
openai,52,test_internal,1,2,3,0.9550063701422028,13.005405405405403,0.8181722018364314,0.2807741779634544,0.2984304840701657,0.5633643307798618,0.4963293322311934,0.5033279446206884,0.4966720558943287
openai,52,test_internal,1,2,4,0.9550063701422028,13.005405405405403,0.6799982125694687,0.3205501680479362,0.2175198696830586,0.5763244882125307,0.4815973568301413,0.5215932694814538,0.4784067338604348
openai,52,test_internal,1,2,5,0.9550063701422028,13.005405405405403,0.6237956302391516,0.3237101319743215,0.2520350482981853,0.5570043987141469,0.5035587482142925,0.4994551855069334,0.5005448143213942
openai,52,test_internal,1,2,6,0.9550063701422028,13.005405405405403,0.6808301535812584,0.3221413349025273,0.3957937284397917,0.5564320057114536,0.5042093938557051,0.4967475973281397,0.5032524001282481
openai,52,test_internal,1,2,7,0.9550063701422028,13.005405405405403,0.8222817909878654,0.3241992515193214,0.3236126555054373,0.5630079064920948,0.4967344842290365,0.5035577655159017,0.4964422344612086
openai,52,validation,0,0,0,0.0473790616042315,14.748,0.9651001814603806,0.3373461912186198,0.1802789202556014,0.5066294927299023,0.4933705087304115,0.5064002823531628,0.4935997169315815
openai,52,validation,0,0,1,0.0473790616042315,14.748,0.9468620519042016,0.3665076688415601,0.1613676865324378,0.525796864926815,0.4742031347751617,0.5257422068417072,0.4742577931284904
openai,52,validation,0,0,2,0.0473790616042315,14.748,0.910959051668644,0.3286401232023662,0.165072545863688,0.5038498176932334,0.496150180876255,0.5039241272211075,0.496075870603323
openai,52,validation,0,0,3,0.0473790616042315,14.748,0.9459595585465432,0.3369668945797038,0.1953859532549977,0.4997430499494076,0.500256946772337,0.4999188106656074,0.50008118891716
openai,52,validation,0,0,4,0.0473790616042315,14.748,0.9696754913330078,0.3513119089561304,0.2217734116613864,0.4965550787746906,0.5034449210464954,0.4968941009938717,0.5031058995425701
openai,52,validation,0,0,5,0.0473790616042315,14.748,0.9462845873832704,0.3491924657053783,0.1194234272912144,0.5307399944663048,0.4692600060105323,0.530496193766594,0.4695038056671619
openai,52,validation,0,0,6,0.0473790616042315,14.748,0.9078229509592056,0.3364743810886893,0.3106605272591114,0.5019596201181412,0.4980403791666031,0.5016810380220413,0.4983189618885517
openai,52,validation,0,0,7,0.0473790616042315,14.748,0.9526658228635788,0.3173134466814623,0.1949386936575174,0.5056059462726116,0.4943940531015396,0.5052019523978233,0.4947980474233627
openai,52,validation,0,1,0,0.0473790616042315,14.748,0.8814871773719788,0.2822105868385314,0.251586520165205,0.4870921736061573,0.5129078273177147,0.4847020654976368,0.5152979325056076
openai,52,validation,0,1,1,0.0473790616042315,14.748,0.8284899542927742,0.4101250472534247,0.3354851991459727,0.5221426256597043,0.4778573759794235,0.518573577016592,0.4814264230728149
openai,52,validation,0,1,2,0.0473790616042315,14.748,0.873837732732296,0.3354728838004877,0.1152055856063962,0.50832620292902,0.491673798084259,0.5085095576643944,0.4914904420077801
openai,52,validation,0,1,3,0.0473790616042315,14.748,0.872621444106102,0.3546884250589998,0.0979928094968199,0.5229630773663521,0.4770369237661361,0.5218690044283867,0.4781309964060783
openai,52,validation,0,1,4,0.0473790616042315,14.748,0.7041962530612945,0.36818795213746,0.049077235343866,0.5124598382413388,0.4875401638448238,0.5128178298175335,0.4871821698248386
openai,52,validation,0,1,5,0.0473790616042315,14.748,0.865099298119545,0.3590928437921079,0.0731594286710023,0.5243689638972282,0.4756310357749462,0.5239292271733283,0.4760707747638225
openai,52,validation,0,1,6,0.0473790616042315,14.748,0.8743867294192315,0.3636923500343145,0.1006270590052008,0.512829449146986,0.4871705513596535,0.5133048027157784,0.4866951974034309
openai,52,validation,0,1,7,0.0473790616042315,14.748,0.862828237593174,0.286661024925952,0.1182296846639364,0.5078697744905949,0.4921302249729633,0.5067667372822762,0.4932332617938518
openai,52,validation,0,2,0,0.0473790616042315,14.748,0.5684175390303134,0.4234463760845384,0.0240072584550362,0.4428132419884205,0.5571867613494397,0.4410926095545291,0.558907389909029
openai,52,validation,0,2,1,0.0473790616042315,14.748,0.7055335206389427,0.3557631463346689,0.211829395622015,0.5132247618585825,0.4867752382457256,0.5120592360496521,0.4879407652616501
openai,52,validation,0,2,2,0.0473790616042315,14.748,0.7728010020256042,0.3659009612934458,0.0512246211208403,0.5361303313970566,0.4638696698248386,0.535253860771656,0.4647461386919022
openai,52,validation,0,2,3,0.0473790616042315,14.748,0.7968940012454987,0.3155099124373616,0.0779185182768851,0.5130234020352363,0.4869765987098217,0.5101473365128041,0.4898526645600796
openai,52,validation,0,2,4,0.0473790616042315,14.748,0.6087642472684384,0.423842813692144,0.0284249211952555,0.5820995111465455,0.4179004888236522,0.5792782383561135,0.4207217620909214
openai,52,validation,0,2,5,0.0473790616042315,14.748,0.54753846514225,0.4342556529095066,0.0216026442343136,0.5273957602083683,0.4726042389571667,0.5260748219490051,0.4739251769781112
openai,52,validation,0,2,6,0.0473790616042315,14.748,0.7540805870294571,0.3889609491436679,0.0592774229999631,0.5282027455270291,0.4717972538769245,0.5304209188818931,0.469579080671072
openai,52,validation,0,2,7,0.0473790616042315,14.748,0.7419716437458992,0.3759867400246975,0.0766302163340151,0.5081323860585689,0.4918676139712333,0.507006246626377,0.492993751257658
openai,52,validation,1,0,0,0.975169023619516,92.26506024096386,0.9893974108868334,0.3405016948192146,0.2377540377608265,0.3394767915209134,0.660523215515746,0.3381145008865537,0.7066958575363619
openai,52,validation,1,0,1,0.975169023619516,92.26506024096386,0.9852580004427808,0.3394043251283497,0.2937132227851683,0.3367337294686068,0.663266277147664,0.3367158232722431,0.707909162145063
openai,52,validation,1,0,2,0.975169023619516,92.26506024096386,0.9834937905690756,0.3399405173944403,0.2119905401066125,0.334617024494542,0.6653829742636945,0.3344878340139985,0.709841871117971
openai,52,validation,1,0,3,0.975169023619516,92.26506024096386,0.9811342222144804,0.3398836466002752,0.2058226002986172,0.33461186637093,0.6653881383438905,0.3345454964372847,0.7097918552806578
openai,52,validation,1,0,4,0.975169023619516,92.26506024096386,0.9917211259704038,0.339443613601235,0.2498275567609143,0.3340610467518369,0.6659389485915502,0.3351855636833029,0.7092366229338818
openai,52,validation,1,0,5,0.975169023619516,92.26506024096386,0.9840168378439296,0.3440971896763916,0.2701899520604007,0.3448408058611676,0.6551591857439942,0.342424303254423,0.7029572276465864
openai,52,validation,1,0,6,0.975169023619516,92.26506024096386,0.9594697334680212,0.3433918410419228,0.1938645778650261,0.3428194523278055,0.6571805452307066,0.3430749153873573,0.702392844909645
openai,52,validation,1,0,7,0.975169023619516,92.26506024096386,0.984288158186947,0.3354710072771355,0.1850844736558845,0.3394359649391845,0.660564029796256,0.3387574208059555,0.7061381286167236
openai,52,validation,1,1,0,0.975169023619516,92.26506024096386,0.97640390137592,0.3223802571706758,0.269366996834077,0.3357145120389759,0.6642854975329505,0.3318191824558501,0.7121568551982742
openai,52,validation,1,1,1,0.975169023619516,92.26506024096386,0.948989895452936,0.3254198283496913,0.2716143614197351,0.3293129908803773,0.6706870111326376,0.3304357706349239,0.713356923985194
openai,52,validation,1,1,2,0.975169023619516,92.26506024096386,0.9806710251842636,0.3440440000290935,0.2616791303258344,0.3381641518014173,0.6618358492851257,0.3362356874988311,0.7083256686308298
openai,52,validation,1,1,3,0.975169023619516,92.26506024096386,0.9568826347948556,0.3368065369195989,0.2075310397938073,0.3365153389814723,0.6634846528371176,0.3357557052319559,0.7087420386722288
openai,52,validation,1,1,4,0.975169023619516,92.26506024096386,0.9252391881253346,0.326749604522392,0.2245346744915089,0.3401431818880762,0.6598568090962039,0.3423638940633585,0.7030096388006785
openai,52,validation,1,1,5,0.975169023619516,92.26506024096386,0.9782973334013696,0.3324083643408728,0.3036890272275511,0.3420333866055848,0.6579665996962123,0.3394991505192593,0.7054947158658361
openai,52,validation,1,1,6,0.975169023619516,92.26506024096386,0.972040975668344,0.3369211950280288,0.1976424468209944,0.3366073706678839,0.6633926203681363,0.3363779549124754,0.7082022468009627
openai,52,validation,1,1,7,0.975169023619516,92.26506024096386,0.9753191521368832,0.3306936653344733,0.218181458402829,0.3410933129554097,0.6589066874649789,0.3344924642782037,0.7098378592945007
openai,52,validation,1,2,0,0.975169023619516,92.26506024096386,0.9316472633775458,0.337637733470515,0.2492992696632822,0.3314349210542989,0.6685650766723685,0.332916451461238,0.7112050042094955
openai,52,validation,1,2,1,0.975169023619516,92.26506024096386,0.7119438088083841,0.4105862120711072,0.1923197997980807,0.347845642213037,0.6521543620361222,0.3502278606012826,0.6961878825383014
openai,52,validation,1,2,2,0.975169023619516,92.26506024096386,0.9522723548383598,0.3531985231611372,0.2921312602169542,0.3426029730148406,0.6573970168828964,0.3428179821348749,0.7026157282203077
openai,52,validation,1,2,3,0.975169023619516,92.26506024096386,0.9800213187573904,0.3284028412559573,0.2355900911322559,0.3334564583751166,0.6665435487197505,0.3337984445065053,0.7104399042675295
openai,52,validation,1,2,4,0.975169023619516,92.26506024096386,0.931684457394014,0.3413706851917791,0.220790443111615,0.3324109167943889,0.6675890688267019,0.3330231877334881,0.7111124073166445
openai,52,validation,1,2,5,0.975169023619516,92.26506024096386,0.8922097977385464,0.3253692239688033,0.2321159642144858,0.3358680475214189,0.6641319534844823,0.3366236154494497,0.7079891487058386
openai,52,validation,1,2,6,0.975169023619516,92.26506024096386,0.921955862677241,0.3427569988939992,0.1801243855292538,0.3296562612255608,0.6703437314265304,0.3312129611747675,0.7126827437475504
openai,52,validation,1,2,7,0.975169023619516,92.26506024096386,0.9728877910648484,0.347948266234923,0.2093321601130876,0.3350160586996935,0.6649839464161131,0.3362092340151624,0.7083486167781324
